証券コード,企業名,17業種区分,EDINETコード
1301,極洋,食品,E00012
1332,ニッスイ,食品,E00014
1333,マルハニチロ,食品,E00015
1375,ユキグニファクトリー,食品,E00007
1379,ホクト,食品,E00008
1384,ホクリヨウ,食品,E31220
1417,ミライト・ワン,建設・資材,E24558
1418,インターライフホールディングス,建設・資材,E24512
1429,日本アクア,建設・資材,E30126
1433,ベステラ,建設・資材,E31731
1435,ｒｏｂｏｔ　ｈｏｍｅ,不動産,E31925
1436,グリーンエナジー＆カンパニー,建設・資材,E32163
1443,技研ホールディングス,建設・資材,E33535
1447,ＳＡＡＦホールディングス,建設・資材,E34165
1491,中外鉱業,鉄鋼・非鉄,E00027
1514,住石ホールディングス,エネルギー資源,E21342
1515,日鉄鉱業,エネルギー資源,E00036
1518,三井松島ホールディングス,情報通信・サービスその他,E00037
1605,ＩＮＰＥＸ,エネルギー資源,E00043
1662,石油資源開発,エネルギー資源,E00041
1663,Ｋ＆Ｏエナジーグループ,エネルギー資源,E30048
1711,ＳＤＳホールディングス,建設・資材,E05452
1712,ダイセキ環境ソリューション,建設・資材,E05444
1717,明豊ファシリティワークス,情報通信・サービスその他,E05377
1718,美樹工業,建設・資材,E00315
1719,安藤・間,建設・資材,E00317
1721,コムシスホールディングス,建設・資材,E00322
1723,日本電技,建設・資材,E00313
1724,シンクレイヤ,建設・資材,E05326
1726,ビーアールホールディングス,建設・資材,E00312
1736,オーテック,建設・資材,E00304
1758,太洋基礎工業,建設・資材,E00287
1762,高松コンストラクショングループ,建設・資材,E00285
1766,東建コーポレーション,建設・資材,E00281
1768,ソネック,建設・資材,E00279
1776,三井住建道路,建設・資材,E00272
1786,オリエンタル白石,建設・資材,E36102
1787,ナカボーテック,建設・資材,E00260
1793,大本組,建設・資材,E00255
1798,守谷商会,建設・資材,E00251
1799,第一建設工業,建設・資材,E00250
1801,大成建設,建設・資材,E00052
1802,大林組,建設・資材,E00055
1803,清水建設,建設・資材,E00053
1807,佐藤渡辺,建設・資材,E00167
1808,長谷工コーポレーション,建設・資材,E00090
1811,錢高組,建設・資材,E00069
1812,鹿島建設,建設・資材,E00058
1813,不動テトラ,建設・資材,E00097
1814,大末建設,建設・資材,E00093
1815,鉄建建設,建設・資材,E00065
1822,大豊建設,建設・資材,E00095
1826,佐田建設,建設・資材,E00121
1827,ナカノフドー建設,建設・資材,E00105
1828,田辺工業,建設・資材,E00242
1833,奥村組,建設・資材,E00083
1835,東鉄工業,建設・資材,E00112
1841,サンユー建設,建設・資材,E00101
1847,イチケン,建設・資材,E00117
1848,富士ピー・エス,建設・資材,E00238
1852,淺沼組,建設・資材,E00120
1853,森組,建設・資材,E00130
1861,熊谷組,建設・資材,E00056
1866,北野建設,建設・資材,E00175
1867,植木組,建設・資材,E00179
1871,ピーエス・コンストラクション,建設・資材,E01161
1873,日本ハウスホールディングス,建設・資材,E00197
1878,大東建託,不動産,E00218
1879,新日本建設,建設・資材,E00221
1882,東亜道路工業,建設・資材,E00066
1885,東亜建設工業,建設・資材,E00080
1888,若築建設,建設・資材,E00081
1893,五洋建設,建設・資材,E00086
1897,金下建設,建設・資材,E00133
1898,世紀東急工業,建設・資材,E00176
1899,福田組,建設・資材,E00196
1904,大成温調,建設・資材,E00233
1905,テノックス,建設・資材,E00232
1909,日本ドライケミカル,機械,E25282
1911,住友林業,建設・資材,E00011
1914,日本基礎技術,建設・資材,E00204
1921,巴コーポレーション,建設・資材,E01394
1925,大和ハウス工業,建設・資材,E00048
1926,ライト工業,建設・資材,E00098
1928,積水ハウス,建設・資材,E00143
1929,日特建設,建設・資材,E00142
1934,ユアテック,建設・資材,E00137
1938,日本リーテック,建設・資材,E00185
1939,四電工,建設・資材,E00181
1941,中電工,建設・資材,E00073
1942,関電工,建設・資材,E00074
1944,きんでん,建設・資材,E00075
1945,東京エネシス,建設・資材,E00092
1946,トーエネック,建設・資材,E00076
1948,弘電社,建設・資材,E02569
1949,住友電設,建設・資材,E00114
1951,エクシオグループ,建設・資材,E00094
1952,新日本空調,建設・資材,E00227
1959,クラフティア,建設・資材,E00146
1961,三機工業,建設・資材,E00107
1963,日揮ホールディングス,建設・資材,E01575
1964,中外炉工業,建設・資材,E00119
1965,テクノ菱和,建設・資材,E00225
1966,高田工業所,建設・資材,E00209
1967,ヤマト,建設・資材,E00138
1968,太平電業,建設・資材,E00113
1969,高砂熱学工業,建設・資材,E00149
1972,三晃金属工業,建設・資材,E00109
1975,朝日工業社,建設・資材,E00153
1976,明星工業,建設・資材,E00161
1979,大氣社,建設・資材,E00183
1981,協和日成,建設・資材,E00189
1982,日比谷総合設備,建設・資材,E00168
1992,神田通信機,建設・資材,E00182
1994,高橋カーテンウォール工業,建設・資材,E00222
2001,ニップン,食品,E00345
2002,日清製粉グループ本社,食品,E00346
2003,日東富士製粉,食品,E00347
2004,昭和産業,食品,E00348
2009,鳥越製粉,食品,E00351
2053,中部飼料,食品,E00439
2055,日和産業,食品,E00454
2108,日本甜菜製糖,食品,E00355
2109,ＤＭ三井製糖,食品,E00356
2112,塩水港精糖,食品,E00361
2114,フジ日本,食品,E00360
2117,ウェルネオシュガー,食品,E25648
2121,ＭＩＸＩ,情報通信・サービスその他,E05617
2124,ジェイエイシーリクルートメント,情報通信・サービスその他,E05625
2127,日本Ｍ＆Ａセンターホールディングス,情報通信・サービスその他,E05629
2134,北浜キャピタルパートナーズ,情報通信・サービスその他,E03745
2136,ヒップ,情報通信・サービスその他,E05657
2138,クルーズ,情報通信・サービスその他,E05621
2139,中広,情報通信・サービスその他,E05668
2146,ＵＴグループ,情報通信・サービスその他,E05698
2148,アイティメディア,情報通信・サービスその他,E05686
2152,幼児活動研究会,情報通信・サービスその他,E05691
2156,セーラー広告,情報通信・サービスその他,E05701
2158,ＦＲＯＮＴＥＯ,情報通信・サービスその他,E05700
2162,ｎｍｓ　ホールディングス,情報通信・サービスその他,E05676
2163,アルトナー,情報通信・サービスその他,E05717
2169,ＣＤＳ,情報通信・サービスその他,E05726
2173,博展,情報通信・サービスその他,E05737
2175,エス・エム・エス,情報通信・サービスその他,E05697
2179,成学社,情報通信・サービスその他,E21514
2181,パーソルホールディングス,情報通信・サービスその他,E21261
2183,リニカル,情報通信・サービスその他,E21706
2186,ソーバル,情報通信・サービスその他,E22049
2193,クックパッド,情報通信・サービスその他,E22663
2195,アミタホールディングス,情報通信・サービスその他,E23634
2196,エスクリ,情報通信・サービスその他,E24017
2201,森永製菓,食品,E00369
2204,中村屋,食品,E00372
2206,江崎グリコ,食品,E00373
2207,ｍｅｉｔｏ,食品,E00376
2208,ブルボン,食品,E00380
2209,井村屋グループ,食品,E00371
2211,不二家,食品,E00374
2212,山崎製パン,食品,E00375
2215,第一屋製パン,食品,E00377
2216,カンロ,食品,E00378
2217,モロゾフ,食品,E00381
2221,岩塚製菓,食品,E00386
2222,寿スピリッツ,食品,E00387
2224,コモ,食品,E00388
2226,湖池屋,食品,E00389
2229,カルビー,食品,E25303
2264,森永乳業,食品,E00331
2266,六甲バター,食品,E00337
2267,ヤクルト本社,食品,E00406
2268,Ｂ－Ｒ　サーティワン　アイスクリーム,食品,E00474
2269,明治ホールディングス,食品,E21902
2281,プリマハム,食品,E00335
2282,日本ハム,食品,E00334
2286,林兼産業,食品,E00443
2288,丸大食品,食品,E00458
2291,福留ハム,食品,E00341
2292,Ｓ　Ｆｏｏｄｓ,食品,E00342
2293,滝沢ハム,食品,E00343
2294,柿安本店,食品,E03283
2296,伊藤ハム米久ホールディングス,食品,E32069
2305,スタジオアリス,情報通信・サービスその他,E03393
2307,クロスキャット,情報通信・サービスその他,E05291
2311,エプコ,情報通信・サービスその他,E05293
2317,システナ,情報通信・サービスその他,E05283
2321,ソフトフロントホールディングス,情報通信・サービスその他,E05297
2323,ｆｏｎｆｕｎ,情報通信・サービスその他,E05302
2325,ＮＪＳ,情報通信・サービスその他,E05299
2326,デジタルアーツ,情報通信・サービスその他,E05303
2327,日鉄ソリューションズ,情報通信・サービスその他,E05304
2329,東北新社,情報通信・サービスその他,E05307
2331,ＡＬＳＯＫ,情報通信・サービスその他,E05309
2332,クエスト,情報通信・サービスその他,E05310
2334,イオレ,情報通信・サービスその他,E33595
2335,キューブシステム,情報通信・サービスその他,E05312
2337,いちご,不動産,E05314
2338,クオンタムソリューションズ,情報通信・サービスその他,E05315
2341,アルバイトタイムス,情報通信・サービスその他,E05316
2342,トランスジェニックグループ,情報通信・サービスその他,E05317
2344,平安レイサービス,情報通信・サービスその他,E05319
2349,エヌアイデイ,情報通信・サービスその他,E05322
2351,ＡＳＪ,情報通信・サービスその他,E05324
2354,ＹＥ　ＤＩＧＩＴＡＬ,情報通信・サービスその他,E05328
2359,コア,情報通信・サービスその他,E05332
2371,カカクコム,情報通信・サービスその他,E05350
2374,セントケア・ホールディング,情報通信・サービスその他,E05354
2376,サイネックス,情報通信・サービスその他,E00744
2378,ルネサンス,情報通信・サービスその他,E05361
2379,ディップ,情報通信・サービスその他,E05368
2384,ＳＢＳホールディングス,運輸・物流,E04224
2389,デジタルホールディングス,情報通信・サービスその他,E05374
2393,日本ケアサプライ,情報通信・サービスその他,E05381
2395,新日本科学,情報通信・サービスその他,E05385
2408,ＫＧ情報,情報通信・サービスその他,E05416
2411,ゲンダイエージェンシー,情報通信・サービスその他,E05417
2413,エムスリー,情報通信・サービスその他,E05425
2415,ヒューマンホールディングス,情報通信・サービスその他,E05428
2418,ツカダ・グローバルホールディング,情報通信・サービスその他,E05411
2425,ケアサービス,情報通信・サービスその他,E05440
2429,ワールドホールディングス,情報通信・サービスその他,E05467
2432,ディー・エヌ・エー,情報通信・サービスその他,E05460
2433,博報堂ＤＹホールディングス,情報通信・サービスその他,E05410
2435,シダー,情報通信・サービスその他,E05478
2436,共同ピーアール,情報通信・サービスその他,E05477
2438,アスカネット,情報通信・サービスその他,E05483
2445,タカミヤ,情報通信・サービスその他,E05493
2454,オールアバウト,情報通信・サービスその他,E05514
2461,ファンコミュニケーションズ,情報通信・サービスその他,E05533
2464,Ａｏｂａ‐ＢＢＴ,情報通信・サービスその他,E05524
2469,ヒビノ,情報通信・サービスその他,E05550
2475,ＷＤＢホールディングス,情報通信・サービスその他,E05560
2479,ジェイテック,情報通信・サービスその他,E05569
2483,翻訳センター,情報通信・サービスその他,E05579
2488,ＪＴＰ,情報通信・サービスその他,E05593
2489,アドウェイズ,情報通信・サービスその他,E05599
2491,バリューコマース,情報通信・サービスその他,E05149
2492,インフォマート,情報通信・サービスその他,E05609
2497,ユナイテッド,情報通信・サービスその他,E05562
2499,日本和装ホールディングス,情報通信・サービスその他,E05631
2501,サッポロホールディングス,食品,E00393
2502,アサヒグループホールディングス,食品,E00394
2503,キリンホールディングス,食品,E00395
2531,宝ホールディングス,食品,E00396
2533,オエノンホールディングス,食品,E00397
2573,北海道コカ・コーラボトリング,食品,E00408
2579,コカ・コーラ　ボトラーズジャパンホールディングス,食品,E00417
2585,ライフドリンク　カンパニー,食品,E37165
2586,フルッタフルッタ,食品,E31035
2587,サントリー食品インターナショナル,食品,E27622
2588,プレミアムウォーターホールディングス,食品,E27294
2593,伊藤園,食品,E00414
2594,キーコーヒー,食品,E00491
2597,ユニカフェ,食品,E00505
2602,日清オイリオグループ,食品,E00428
2607,不二製油,食品,E00431
2612,かどや製油,食品,E00433
2613,Ｊ－オイルミルズ,食品,E00434
2653,イオン九州,小売,E03349
2654,アスモ,小売,E02917
2656,ベクターホールディングス,小売,E05112
2659,サンエー,小売,E03352
2664,カワチ薬品,小売,E03356
2666,オートウェーブ,小売,E03355
2668,タビオ,商社・卸売,E02923
2669,カネ美食品,小売,E03358
2673,夢みつけ隊,小売,E03360
2674,ハードオフコーポレーション,小売,E03361
2676,高千穂交易,商社・卸売,E02927
2678,アスクル,小売,E03363
2681,ゲオホールディングス,小売,E03367
2683,魚喜,小売,E03365
2685,アンドエスティＨＤ,小売,E03368
2686,ジーフット,小売,E03370
2687,シー・ヴイ・エス・ベイエリア,情報通信・サービスその他,E03372
2692,伊藤忠食品,商社・卸売,E02931
2693,ＹＫＴ,商社・卸売,E02932
2694,焼肉坂井ホールディングス,小売,E03374
2698,キャンドゥ,小売,E03377
2702,日本マクドナルドホールディングス,小売,E03366
2705,大戸屋ホールディングス,小売,E03380
2708,久世,商社・卸売,E02938
2721,ジェイホールディングス,商社・卸売,E05241
2726,パルグループホールディングス,小売,E03387
2733,あらた,商社・卸売,E02947
2737,トーメンデバイス,商社・卸売,E02946
2742,ハローズ,小売,E03395
2743,ピクセルカンパニーズ,商社・卸売,E02949
2747,北雄ラッキー,小売,E03397
2749,ＪＰホールディングス,情報通信・サービスその他,E05306
2751,テンポスホールディングス,商社・卸売,E02953
2752,フジオフードグループ本社,小売,E03400
2753,あみやき亭,小売,E03398
2763,エフティグループ,商社・卸売,E03405
2764,ひらまつ,小売,E03406
2767,円谷フィールズホールディングス,商社・卸売,E03407
2768,双日,商社・卸売,E02958
2776,新都ホールディングス,商社・卸売,E02960
2778,パレモ・ホールディングス,小売,E03415
2782,セリア,小売,E03418
2784,アルフレッサ　ホールディングス,商社・卸売,E02962
2788,アップルインターナショナル,商社・卸売,E02963
2789,カルラ,小売,E03422
2795,日本プリメックス,商社・卸売,E02964
2798,ワイズテーブルコーポレーション,小売,E03428
2801,キッコーマン,食品,E00435
2802,味の素,食品,E00436
2804,ブルドックソース,食品,E00466
2805,ヱスビー食品,食品,E00452
2806,ユタカフーズ,食品,E00465
2811,カゴメ,食品,E00444
2813,和弘食品,食品,E00478
2814,佐藤食品工業,食品,E00484
2815,アリアケジャパン,食品,E00486
2816,ダイショー,食品,E00501
2818,ピエトロ,食品,E00513
2819,エバラ食品工業,食品,E00514
2831,はごろもフーズ,食品,E00508
2871,ニチレイ,食品,E00446
2872,セイヒョー,食品,E00447
2875,東洋水産,食品,E00461
2876,デルソーレ,食品,E00488
2877,日東ベスト,食品,E00498
2882,イートアンドホールディングス,食品,E25551
2883,大冷,食品,E31012
2884,ヨシムラ・フード・ホールディングス,食品,E32138
2892,日本食品化工,食品,E00442
2894,石井食品,食品,E00453
2897,日清食品ホールディングス,食品,E00457
2901,ウェルディッシュ,食品,E00471
2903,シノブフーズ,食品,E00473
2907,あじかん,食品,E00480
2908,フジッコ,食品,E00481
2911,旭松食品,食品,E00487
2914,日本たばこ産業,食品,E00492
2915,ケンコーマヨネーズ,食品,E00493
2916,仙波糖化工業,食品,E00494
2918,わらべや日洋ホールディングス,食品,E00496
2922,なとり,食品,E00506
2923,サトウ食品,食品,E00510
2924,イフジ産業,食品,E00511
2931,ユーグレナ,食品,E27054
2932,ＳＴＩフードホールディングス,食品,E35947
2933,紀文食品,食品,E36466
2935,ピックルスホールディングス,食品,E37741
2936,ベースフード,食品,E38104
2937,サンクゼール,食品,E38168
2981,ランディックス,不動産,E35303
2982,ＡＤワークスグループ,不動産,E35340
2983,アールプランナー,不動産,E35144
2984,ヤマイチエステート,不動産,E35597
2986,ＬＡホールディングス,不動産,E35631
2993,長栄,不動産,E37141
2997,ストレージ王,不動産,E37595
2998,クリアル,不動産,E37504
3001,片倉工業,素材・化学,E00524
3002,グンゼ,素材・化学,E00520
3003,ヒューリック,不動産,E00523
3004,神栄,商社・卸売,E02542
3011,バナーズ,小売,E00585
3023,ラサ商事,商社・卸売,E02547
3024,クリエイト,商社・卸売,E02997
3031,ラクーンホールディングス,情報通信・サービスその他,E05563
3034,クオールホールディングス,小売,E03476
3036,アルコニックス,商社・卸売,E02998
3042,セキュアヴェイル,情報通信・サービスその他,E05606
3053,ペッパーフードサービス,小売,E03478
3054,ハイパー,商社・卸売,E05627
3058,三洋堂ホールディングス,小売,E03487
3059,ヒラキ,小売,E03494
3063,ジェイグループホールディングス,小売,E03495
3064,ＭｏｎｏｔａＲＯ,小売,E03497
3065,ライフフーズ,小売,E03490
3068,ＷＤＩ,小売,E03496
3069,ＪＦＬＡホールディングス,食品,E03508
3071,ストリーム,小売,E03506
3077,ホリイフードサービス,小売,E03505
3079,ディーブイエックス,商社・卸売,E03005
3083,スターシーズ,小売,E03498
3086,Ｊ．フロント　リテイリング,小売,E03516
3087,ドトール・日レスホールディングス,小売,E03518
3088,マツキヨココカラ＆カンパニー,小売,E03519
3091,ブロンコビリー,小売,E03517
3092,ＺＯＺＯ,小売,E05725
3093,トレジャー・ファクトリー,小売,E03520
3094,スーパーバリュー,小売,E03523
3096,オーシャンシステム,小売,E03524
3099,三越伊勢丹ホールディングス,小売,E03521
3101,東洋紡,素材・化学,E00525
3103,ユニチカ,素材・化学,E00527
3104,富士紡ホールディングス,素材・化学,E00543
3105,日清紡ホールディングス,電機・精密,E00544
3106,倉敷紡績,素材・化学,E00528
3107,ダイワボウホールディングス,商社・卸売,E00529
3109,シキボウ,素材・化学,E00530
3111,オーミケンシ,素材・化学,E00531
3113,ＵＮＩＶＡ・Ｏａｋホールディングス,金融（除く銀行）,E00541
3116,トヨタ紡織,自動車・輸送機,E00540
3121,マーチャント・バンカーズ,情報通信・サービスその他,E00545
3123,サイボー,素材・化学,E00534
3131,シンデン・ハイテックス,商社・卸売,E23741
3132,マクニカホールディングス,商社・卸売,E31167
3133,海帆,小売,E31367
3134,Ｈａｍｅｅ,小売,E31386
3137,ファンデリー,小売,E31574
3138,富士山マガジンサービス,小売,E31625
3143,オーウイル,商社・卸売,E21832
3151,バイタルケーエスケー・ホールディングス,商社・卸売,E22440
3153,八洲電機,商社・卸売,E02812
3156,レスター,商社・卸売,E23245
3157,ジオリーブグループ,商社・卸売,E23288
3159,丸善ＣＨＩホールディングス,小売,E23841
3161,アゼアス,商社・卸売,E24248
3166,ＯＣＨＩホールディングス,商社・卸売,E24536
3167,ＴＯＫＡＩホールディングス,商社・卸売,E25165
3169,ミサワ,小売,E26095
3173,Ｃｏｍｉｎｉｘ,商社・卸売,E26290
3175,エー・ピーホールディングス,小売,E26842
3177,ありがとうサービス,小売,E26821
3178,チムニー,小売,E23818
3179,シュッピン,小売,E27051
3181,買取王国,小売,E27202
3182,オイシックス・ラ・大地,小売,E27260
3183,ウイン・パートナーズ,商社・卸売,E27210
3184,ＩＣＤＡホールディングス,小売,E27572
3185,夢展望,小売,E27615
3192,白鳩,小売,E30504
3196,ホットランドホールディングス,小売,E30898
3197,すかいらーくホールディングス,小売,E03515
3198,ＳＦＰホールディングス,小売,E31029
3199,綿半ホールディングス,小売,E31104
3202,ダイトウボウ,素材・化学,E00547
3204,トーア紡コーポレーション,素材・化学,E00556
3205,ダイドーリミテッド,素材・化学,E00550
3221,ヨシックスホールディングス,小売,E30656
3222,ユナイテッド・スーパーマーケット・ホールディングス,小売,E31159
3223,エスエルディー,小売,E31291
3224,ゼネラル・オイスター,小売,E31321
3231,野村不動産ホールディングス,不動産,E04060
3232,三重交通グループホールディングス,不動産,E04233
3237,イントランス,不動産,E05651
3238,セントラル総合開発,不動産,E04065
3241,ウィル,不動産,E04068
3246,コーセーアールイー,不動産,E04075
3252,地主,不動産,E05692
3261,グランディーズ,不動産,E27046
3276,ＪＰＭＣ,不動産,E25870
3277,サンセイランディック,不動産,E26086
3284,フージャースホールディングス,不動産,E27281
3289,東急不動産ホールディングス,不動産,E27633
3291,飯田グループホールディングス,不動産,E27759
3293,アズマハウス,不動産,E30066
3294,イーグランド,不動産,E30124
3299,ムゲンエステート,不動産,E30649
3302,帝国繊維,素材・化学,E00559
3306,日本製麻,商社・卸売,E00558
3315,日本コークス工業,エネルギー資源,E00030
3317,フライングガーデン,小売,E03432
3326,ランシステム,情報通信・サービスその他,E03434
3329,東和フードサービス,小売,E03436
3333,あさひ,小売,E03439
3341,日本調剤,小売,E05422
3352,バッファロー,小売,E03447
3353,メディカル一光グループ,小売,E03443
3355,クリヤマホールディングス,商社・卸売,E02979
3358,ワイエスフード,小売,E03451
3361,トーエル,小売,E03454
3371,ソフトクリエイトホールディングス,情報通信・サービスその他,E05485
3372,関門海,小売,E03457
3374,内外テック,商社・卸売,E02986
3375,ＺＯＡ,小売,E03460
3382,セブン＆アイ・ホールディングス,小売,E03462
3386,コスモ・バイオ,商社・卸売,E02991
3387,クリエイト・レストランツ・ホールディングス,小売,E05517
3388,明治電機工業,商社・卸売,E02992
3392,デリカフーズホールディングス,商社・卸売,E02994
3393,スターティアホールディングス,商社・卸売,E05539
3395,サンマルクホールディングス,小売,E05556
3396,フェリシモ,小売,E03467
3397,トリドールホールディングス,小売,E03468
3399,丸千代山岡家,小売,E03470
3401,帝人,素材・化学,E00872
3402,東レ,素材・化学,E00873
3405,クラレ,素材・化学,E00876
3407,旭化成,素材・化学,E00877
3409,北紡,素材・化学,E00566
3415,ＴＯＫＹＯ　ＢＡＳＥ,小売,E31742
3416,ピクスタ,小売,E31749
3417,大木ヘルスケアホールディングス,商社・卸売,E31624
3422,Ｊ－ＭＡＸ,建設・資材,E01452
3423,エスイー,建設・資材,E01298
3431,宮地エンジニアリンググループ,建設・資材,E01461
3433,トーカロ,建設・資材,E01443
3434,アルファＣｏ,建設・資材,E02245
3435,サンコーテクノ,建設・資材,E01462
3436,ＳＵＭＣＯ,建設・資材,E02103
3437,特殊電極,建設・資材,E01464
3443,川田テクノロジーズ,建設・資材,E21955
3444,菊池製作所,建設・資材,E22016
3445,ＲＳ　Ｔｅｃｈｎｏｌｏｇｉｅｓ,建設・資材,E31042
3447,信和,建設・資材,E33834
3449,テクノフレックス,建設・資材,E35294
3452,ビーロット,不動産,E31024
3465,ケイアイスター不動産,不動産,E31979
3467,アグレ都市デザイン,不動産,E32158
3474,Ｇ－ＦＡＣＴＯＲＹ,不動産,E32486
3477,フォーライフ,不動産,E32793
3479,ティーケーピー,不動産,E20616
3482,ロードスターキャピタル,不動産,E32779
3484,イノベーションホールディングス,不動産,E33435
3486,グローバル・リンク・マネジメント,不動産,E33579
3489,フェイスネットワーク,不動産,E33819
3512,日本フエルト,素材・化学,E00573
3513,イチカワ,素材・化学,E00572
3521,テルマー湯ホールディングス,情報通信・サービスその他,E00576
3524,日東製網,素材・化学,E00578
3526,芦森工業,自動車・輸送機,E00577
3529,アツギ,素材・化学,E00567
3537,昭栄薬品,商社・卸売,E32146
3542,ベガコーポレーション,小売,E32420
3543,コメダホールディングス,商社・卸売,E32427
3546,アレンザホールディングス,小売,E32382
3548,バロックジャパンリミテッド,小売,E32697
3551,ダイニック,素材・化学,E00996
3553,共和レザー,素材・化学,E00994
3556,リネットジャパングループ,小売,E31751
3557,ユナイテッド＆コレクティブ,小売,E32965
3558,ジェイドグループ,小売,E32966
3559,ピーバンドットコム,商社・卸売,E33016
3561,力の源ホールディングス,小売,E33011
3562,Ｎｏ．１,商社・卸売,E33037
3565,アセンテック,商社・卸売,E33109
3566,ユニフォームネクスト,小売,E33305
3569,セーレン,素材・化学,E00562
3571,ソトー,素材・化学,E00569
3577,東海染工,素材・化学,E00563
3583,オーベクス,素材・化学,E00584
3591,ワコールホールディングス,素材・化学,E00590
3593,ホギメディカル,素材・化学,E02315
3598,山喜,素材・化学,E02773
3608,ＴＳＩホールディングス,素材・化学,E25234
3611,マツオカコーポレーション,素材・化学,E33574
3612,ワールド,素材・化学,E02767
3622,ネットイヤーグループ,情報通信・サービスその他,E05736
3623,ビリングシステム,情報通信・サービスその他,E05741
3626,ＴＩＳ,情報通信・サービスその他,E05739
3627,テクミラホールディングス,情報通信・サービスその他,E20385
3633,ＧＭＯペパボ,情報通信・サービスその他,E22101
3634,ソケッツ,情報通信・サービスその他,E22461
3635,コーエーテクモホールディングス,情報通信・サービスその他,E22460
3641,パピレス,情報通信・サービスその他,E24453
3646,駅探,情報通信・サービスその他,E25206
3648,ＡＧＳ,情報通信・サービスその他,E25263
3649,ファインデックス,情報通信・サービスその他,E25283
3652,ディジタルメディアプロフェッショナル,情報通信・サービスその他,E25620
3656,ＫＬａｂ,情報通信・サービスその他,E25867
3657,ポールトゥウィンホールディングス,情報通信・サービスその他,E25898
3659,ネクソン,情報通信・サービスその他,E25850
3661,エムアップホールディングス,情報通信・サービスその他,E26332
3663,セルシス,情報通信・サービスその他,E26231
3664,モブキャストホールディングス,情報通信・サービスその他,E26596
3665,エニグモ,情報通信・サービスその他,E26703
3667,ｅｎｉｓｈ,情報通信・サービスその他,E27047
3671,ソフトマックス,情報通信・サービスその他,E27276
3673,ブロードリーフ,情報通信・サービスその他,E27361
3676,デジタルハーツホールディングス,情報通信・サービスその他,E27655
3678,メディアドゥ,情報通信・サービスその他,E30002
3679,じげん,情報通信・サービスその他,E30047
3681,ブイキューブ,情報通信・サービスその他,E30114
3682,エンカレッジ・テクノロジ,情報通信・サービスその他,E30085
3683,サイバーリンクス,情報通信・サービスその他,E30398
3686,ディー・エル・イー,情報通信・サービスその他,E30466
3688,ＣＡＲＴＡ　ＨＯＬＤＩＮＧＳ,情報通信・サービスその他,E22007
3692,ＦＦＲＩセキュリティ,情報通信・サービスその他,E30877
3694,オプティム,情報通信・サービスその他,E30918
3695,ＧＭＯプロダクトプラットフォーム,情報通信・サービスその他,E30857
3696,セレス,情報通信・サービスその他,E30919
3708,特種東海製紙,素材・化学,E00691
3719,ＡＩストーム,情報通信・サービスその他,E05348
3727,アプリックス,情報通信・サービスその他,E05369
3741,セック,情報通信・サービスその他,E05400
3744,サイオス,情報通信・サービスその他,E05413
3753,フライトソリューションズ,情報通信・サービスその他,E05432
3758,アエリア,情報通信・サービスその他,E05453
3762,テクマトリックス,情報通信・サービスその他,E05463
3763,プロシップ,情報通信・サービスその他,E05466
3765,ガンホー・オンライン・エンターテイメント,情報通信・サービスその他,E05474
3766,システムズ・デザイン,情報通信・サービスその他,E05469
3768,リスクモンスター,情報通信・サービスその他,E05471
3771,システムリサーチ,情報通信・サービスその他,E05487
3772,ウェルス・マネジメント,不動産,E03801
3773,アドバンスト・メディア,情報通信・サービスその他,E05496
3774,インターネットイニシアティブ,情報通信・サービスその他,E05480
3776,ブロードバンドタワー,情報通信・サービスその他,E05494
3777,環境フレンドリーホールディングス,情報通信・サービスその他,E05510
3778,さくらインターネット,情報通信・サービスその他,E05518
3779,ジェイ・エスコムホールディングス,情報通信・サービスその他,E05543
3787,テクノマセマティカル,情報通信・サービスその他,E05445
3788,ＧＭＯグローバルサイン・ホールディングス,情報通信・サービスその他,E05545
3793,ドリコム,情報通信・サービスその他,E05552
3796,いい生活,情報通信・サービスその他,E05551
3798,ＵＬＳグループ,情報通信・サービスその他,E05521
3799,キーウェアソリューションズ,情報通信・サービスその他,E05553
3802,エコミック,情報通信・サービスその他,E05578
3803,イメージ情報開発,情報通信・サービスその他,E05573
3807,フィスコ,情報通信・サービスその他,E05457
3817,ＳＲＡホールディングス,情報通信・サービスその他,E05640
3825,リミックスポイント,小売,E05645
3826,システムインテグレータ,情報通信・サービスその他,E05643
3834,朝日ネット,情報通信・サービスその他,E04496
3835,ｅＢＡＳＥ,情報通信・サービスその他,E05659
3837,アドソル日進,情報通信・サービスその他,E05664
3839,ＯＤＫソリューションズ,情報通信・サービスその他,E05679
3841,ジーダット,情報通信・サービスその他,E05669
3842,ネクストジェン,情報通信・サービスその他,E05677
3843,フリービット,情報通信・サービスその他,E05680
3844,コムチュア,情報通信・サービスその他,E05678
3845,アイフリークモバイル,情報通信・サービスその他,E05682
3848,データ・アプリケーション,情報通信・サービスその他,E05688
3851,日本一ソフトウェア,情報通信・サービスその他,E02489
3853,アステリア,情報通信・サービスその他,E05699
3858,ユビキタスＡＩ,情報通信・サービスその他,E05719
3861,王子ホールディングス,素材・化学,E00642
3863,日本製紙,素材・化学,E11873
3864,三菱製紙,素材・化学,E00644
3865,北越コーポレーション,素材・化学,E00645
3877,中越パルプ工業,素材・化学,E00649
3878,巴川コーポレーション,素材・化学,E00650
3891,ニッポン高度紙工業,素材・化学,E00685
3895,ハビックス,素材・化学,E00690
3896,阿波製紙,素材・化学,E26914
3901,マークラインズ,情報通信・サービスその他,E31023
3902,メディカル・データ・ビジョン,情報通信・サービスその他,E31056
3903,ｇｕｍｉ,情報通信・サービスその他,E31060
3904,カヤック,情報通信・サービスその他,E31093
3905,データセクション,情報通信・サービスその他,E31131
3908,コラボス,情報通信・サービスその他,E31336
3909,ショーケース,情報通信・サービスその他,E27894
3911,Ａｉｍｉｎｇ,情報通信・サービスその他,E31348
3912,モバイルファクトリー,情報通信・サービスその他,E31331
3913,ＧｒｅｅｎＢｅｅ,情報通信・サービスその他,E31354
3914,ＪＩＧ－ＳＡＷ,情報通信・サービスその他,E31436
3915,テラスカイ,情報通信・サービスその他,E31453
3917,アイリッジ,情報通信・サービスその他,E31626
3921,ネオジャパン,情報通信・サービスその他,E31902
3922,ＰＲ　ＴＩＭＥＳ,情報通信・サービスその他,E31965
3923,ラクス,情報通信・サービスその他,E31878
3924,ランドコンピュータ,情報通信・サービスその他,E31948
3925,ダブルスタンダード,情報通信・サービスその他,E31957
3926,オープンドア,情報通信・サービスその他,E31936
3927,フーバーブレイン,情報通信・サービスその他,E31977
3928,マイネット,情報通信・サービスその他,E31991
3929,ソーシャルワイヤー,情報通信・サービスその他,E31955
3931,バリューゴルフ,情報通信・サービスその他,E32108
3932,アカツキ,情報通信・サービスその他,E32200
3933,チエル,情報通信・サービスその他,E32161
3934,ベネフィットジャパン,情報通信・サービスその他,E32159
3935,エディア,情報通信・サービスその他,E32238
3936,グローバルウェイ,情報通信・サービスその他,E32225
3937,Ｕｂｉｃｏｍホールディングス,情報通信・サービスその他,E32408
3941,レンゴー,素材・化学,E00659
3943,大石産業,素材・化学,E00677
3944,古林紙工,素材・化学,E00664
3945,スーパーバッグ,素材・化学,E00675
3946,トーモク,素材・化学,E00669
3947,ダイナパック,素材・化学,E00668
3948,光ビジネスフォーム,素材・化学,E00708
3951,朝日印刷,素材・化学,E00714
3953,大村紙業,素材・化学,E00682
3954,昭和パックス,素材・化学,E00686
3955,イムラ,素材・化学,E00688
3961,シルバーエッグ・テクノロジー,情報通信・サービスその他,E32624
3962,チェンジホールディングス,情報通信・サービスその他,E32620
3963,シンクロ・フード,情報通信・サービスその他,E32647
3964,オークネット,情報通信・サービスその他,E21122
3967,エルテス,情報通信・サービスその他,E32750
3968,セグエグループ,情報通信・サービスその他,E32815
3969,エイトレッド,情報通信・サービスその他,E32825
3979,うるる,情報通信・サービスその他,E32794
3981,ビーグリー,情報通信・サービスその他,E32992
3983,オロ,情報通信・サービスその他,E33039
3996,サインポスト,情報通信・サービスその他,E33519
3997,トレードワークス,情報通信・サービスその他,E33553
3998,すららネット,情報通信・サービスその他,E33626
4004,レゾナック・ホールディングス,素材・化学,E00751
4005,住友化学,素材・化学,E00752
4008,住友精化,素材・化学,E00755
4011,ヘッドウォータース,情報通信・サービスその他,E35941
4012,アクシス,情報通信・サービスその他,E35959
4013,勤次郎,情報通信・サービスその他,E35967
4017,クリーマ,情報通信・サービスその他,E36100
4019,スタメン,情報通信・サービスその他,E36155
4021,日産化学,素材・化学,E00759
4022,ラサ工業,素材・化学,E00760
4023,クレハ,素材・化学,E00761
4025,多木化学,素材・化学,E00762
4026,神島化学工業,建設・資材,E00763
4027,テイカ,素材・化学,E00764
4028,石原産業,素材・化学,E00765
4031,片倉コープアグリ,素材・化学,E00789
4041,日本曹達,素材・化学,E00766
4042,東ソー,素材・化学,E00767
4043,トクヤマ,素材・化学,E00768
4044,セントラル硝子,素材・化学,E00769
4045,東亞合成,素材・化学,E00770
4046,大阪ソーダ,素材・化学,E00771
4047,関東電化工業,素材・化学,E00772
4053,Ｓｕｎ　Ａｓｔｅｒｉｓｋ,情報通信・サービスその他,E35827
4056,ニューラルグループ,情報通信・サービスその他,E35841
4058,トヨクモ,情報通信・サービスその他,E35911
4061,デンカ,素材・化学,E00774
4062,イビデン,電機・精密,E00775
4063,信越化学工業,素材・化学,E00776
4064,日本カーバイド工業,素材・化学,E00777
4069,ＢｌｕｅＭｅｍｅ,情報通信・サービスその他,E36653
4072,電算システムホールディングス,情報通信・サービスその他,E36460
4074,ラキール,情報通信・サービスその他,E36708
4078,堺化学工業,素材・化学,E00780
4082,第一稀元素化学工業,素材・化学,E00806
4088,エア・ウォーター,素材・化学,E00792
4091,日本酸素ホールディングス,素材・化学,E00783
4092,日本化学工業,素材・化学,E00784
4093,東邦アセチレン,素材・化学,E00787
4094,日本化学産業,素材・化学,E00786
4095,日本パーカライジング,素材・化学,E00898
4097,高圧ガス工業,素材・化学,E00781
4098,チタン工業,素材・化学,E00796
4099,四国化成ホールディングス,素材・化学,E00841
4102,丸尾カルシウム,素材・化学,E00791
4107,伊勢化学工業,素材・化学,E01028
4109,ステラ　ケミファ,素材・化学,E00805
4112,保土谷化学工業,素材・化学,E00809
4113,田岡化学工業,素材・化学,E00810
4114,日本触媒,素材・化学,E00811
4116,大日精化工業,素材・化学,E00902
4118,カネカ,素材・化学,E00879
4119,日本ピグメントホールディングス,素材・化学,E00899
4125,三和油化工業,素材・化学,E37157
4151,協和キリン,医薬品,E00816
4166,かっこ,情報通信・サービスその他,E36174
4167,ココペリ,情報通信・サービスその他,E36086
4168,ヤプリ,情報通信・サービスその他,E36107
4169,ＥＮＥＣＨＡＮＧＥ,情報通信・サービスその他,E36130
4171,グローバルインフォメーション,情報通信・サービスその他,E36172
4174,アピリッツ,情報通信・サービスその他,E36213
4175,ｃｏｌｙ,情報通信・サービスその他,E36322
4177,ｉ‐ｐｌｕｇ,情報通信・サービスその他,E36343
4178,Ｓｈａｒｉｎｇ　Ｉｎｎｏｖａｔｉｏｎｓ,情報通信・サービスその他,E36366
4179,ジーネクスト,情報通信・サービスその他,E36398
4182,三菱瓦斯化学,素材・化学,E00815
4183,三井化学,素材・化学,E00840
4186,東京応化工業,素材・化学,E00854
4188,三菱ケミカルグループ,素材・化学,E00808
4189,ＫＨネオケム,素材・化学,E32642
4192,スパイダープラス,情報通信・サービスその他,E36410
4193,ファブリカホールディングス,情報通信・サービスその他,E36261
4202,ダイセル,素材・化学,E00818
4203,住友ベークライト,素材・化学,E00819
4204,積水化学工業,素材・化学,E00820
4205,日本ゼオン,素材・化学,E00821
4206,アイカ工業,素材・化学,E00824
4208,ＵＢＥ,素材・化学,E01002
4212,積水樹脂,素材・化学,E01008
4216,旭有機材,素材・化学,E00830
4218,ニチバン,素材・化学,E01000
4221,大倉工業,素材・化学,E00834
4222,児玉化学工業,素材・化学,E00839
4224,ロンシール工業,素材・化学,E01103
4228,積水化成品工業,素材・化学,E00845
4229,群栄化学工業,素材・化学,E00448
4231,タイガースポリマー,素材・化学,E01024
4234,サンエー化研,素材・化学,E01052
4235,ウルトラファブリックス・ホールディングス,素材・化学,E01061
4237,フジプレアム,素材・化学,E02348
4238,ミライアル,素材・化学,E02477
4241,アテクト,素材・化学,E01066
4242,タカギセイコー,素材・化学,E00871
4245,ダイキアクシス,素材・化学,E30133
4246,ダイキョーニシカワ,素材・化学,E30438
4247,ポバール興業,素材・化学,E30692
4248,竹本容器,素材・化学,E31037
4249,森六,素材・化学,E33603
4251,恵和,素材・化学,E35220
4255,ＴＨＥＣＯＯ,情報通信・サービスその他,E37105
4256,サインド,情報通信・サービスその他,E37169
4258,網屋,情報通信・サービスその他,E37160
4259,エクサウィザーズ,情報通信・サービスその他,E37158
4261,アジアクエスト,情報通信・サービスその他,E37131
4262,ニフティライフスタイル,情報通信・サービスその他,E37206
4264,セキュア,情報通信・サービスその他,E36859
4265,Ｉｎｓｔｉｔｕｔｉｏｎ　ｆｏｒ　ａ　Ｇｌｏｂａｌ　Ｓｏｃｉｅｔｙ,情報通信・サービスその他,E37222
4272,日本化薬,素材・化学,E00836
4274,細谷火工,素材・化学,E00850
4275,カーリット,素材・化学,E27624
4284,ソルクシーズ,情報通信・サービスその他,E05198
4286,ＣＬホールディングス,情報通信・サービスその他,E05199
4287,ジャストプランニング,情報通信・サービスその他,E05204
4288,アズジェント,情報通信・サービスその他,E05201
4293,セプテーニ・ホールディングス,情報通信・サービスその他,E05206
4299,ハイマックス,情報通信・サービスその他,E05215
4301,アミューズ,情報通信・サービスその他,E05219
4307,野村総合研究所,情報通信・サービスその他,E05062
4308,Ｊストリーム,情報通信・サービスその他,E05211
4316,ビーマップ,情報通信・サービスその他,E05228
4317,レイ,情報通信・サービスその他,E05230
4318,クイック,情報通信・サービスその他,E05232
4319,ＴＡＣ,情報通信・サービスその他,E05231
4323,日本システム技術,情報通信・サービスその他,E05236
4324,電通グループ,情報通信・サービスその他,E04760
4331,テイクアンドギヴ・ニーズ,情報通信・サービスその他,E05248
4333,東邦システムサイエンス,情報通信・サービスその他,E05252
4334,ユークス,情報通信・サービスその他,E05254
4337,ぴあ,情報通信・サービスその他,E03379
4341,西菱電機,情報通信・サービスその他,E05262
4343,イオンファンタジー,情報通信・サービスその他,E05264
4344,ソースネクスト,情報通信・サービスその他,E05647
4345,シーティーエス,情報通信・サービスその他,E05267
4347,ブロードメディア,情報通信・サービスその他,E05269
4351,山田再生系債権回収総合事務所,金融（除く銀行）,E05275
4356,応用技術,情報通信・サービスその他,E05282
4362,日本精化,素材・化学,E00852
4365,松本油脂製薬,素材・化学,E00888
4366,ダイトーケミックス,素材・化学,E01014
4367,広栄化学,素材・化学,E00837
4368,扶桑化学工業,素材・化学,E01056
4369,トリケミカル研究所,素材・化学,E02490
4371,コアコンセプト・テクノロジー,情報通信・サービスその他,E36897
4372,ユミルリンク,情報通信・サービスその他,E36905
4373,シンプレクス・ホールディングス,情報通信・サービスその他,E36928
4374,ＲＯＢＯＴ　ＰＡＹＭＥＮＴ,情報通信・サービスその他,E36901
4375,セーフィー,情報通信・サービスその他,E36946
4377,ワンキャリア,情報通信・サービスその他,E36944
4379,Ｐｈｏｔｏｓｙｎｔｈ,情報通信・サービスその他,E37060
4381,ビープラッツ,情報通信・サービスその他,E33825
4382,ＨＥＲＯＺ,情報通信・サービスその他,E33880
4386,ＳＩＧグループ,情報通信・サービスその他,E34031
4387,ＺＵＵ,情報通信・サービスその他,E34094
4388,エーアイ,情報通信・サービスその他,E34052
4389,プロパティデータバンク,情報通信・サービスその他,E34090
4392,ＦＩＧ,情報通信・サービスその他,E33702
4395,アクリート,情報通信・サービスその他,E34091
4401,ＡＤＥＫＡ,素材・化学,E00878
4403,日油,素材・化学,E00880
4404,ミヨシ油脂,食品,E00881
4406,新日本理化,素材・化学,E00882
4409,東邦化学工業,素材・化学,E00886
4413,ボードルア,情報通信・サービスその他,E37133
4414,フレクト,情報通信・サービスその他,E37130
4415,ブロードエンタープライズ,情報通信・サービスその他,E37115
4416,Ｔｒｕｅ　Ｄａｔａ,情報通信・サービスその他,E37146
4417,グローバルセキュリティエキスパート,情報通信・サービスその他,E37147
4419,Ｆｉｎａｔｅｘｔホールディングス,情報通信・サービスその他,E37145
4425,Ｋｕｄａｎ,情報通信・サービスその他,E34507
4428,シノプス,情報通信・サービスその他,E34509
4429,リックソフト,情報通信・サービスその他,E34633
4431,スマレジ,情報通信・サービスその他,E34643
4432,ウイングアーク１ｓｔ,情報通信・サービスその他,E33957
4434,サーバーワークス,情報通信・サービスその他,E31580
4436,ミンカブ・ジ・インフォノイド,情報通信・サービスその他,E34754
4437,ｇｏｏｄｄａｙｓホールディングス,情報通信・サービスその他,E34587
4438,Ｗｅｌｂｙ,情報通信・サービスその他,E34721
4442,バルテス・ホールディングス,情報通信・サービスその他,E34880
4444,インフォネット,情報通信・サービスその他,E34974
4448,ｋｕｂｅｌｌ,情報通信・サービスその他,E35124
4449,ギフティ,情報通信・サービスその他,E35096
4452,花王,素材・化学,E00883
4461,第一工業製薬,素材・化学,E00885
4462,石原ケミカル,素材・化学,E00804
4463,日華化学,素材・化学,E00887
4464,ソフト９９コーポレーション,素材・化学,E01057
4471,三洋化成工業,素材・化学,E00884
4476,ＡＩ　ＣＲＯＳＳ,情報通信・サービスその他,E35117
4477,ＢＡＳＥ,情報通信・サービスその他,E35163
4481,ベース,情報通信・サービスその他,E35164
4482,ウィルズ,情報通信・サービスその他,E35284
4483,ＪＭＤＣ,情報通信・サービスその他,E35308
4484,ランサーズ,情報通信・サービスその他,E35287
4486,ユナイトアンドグロウ,情報通信・サービスその他,E35307
4487,スペースマーケット,情報通信・サービスその他,E35330
4488,ＡＩ　ｉｎｓｉｄｅ,情報通信・サービスその他,E35345
4491,コンピューターマネージメント,情報通信・サービスその他,E35466
4492,ゼネテック,情報通信・サービスその他,E35504
4493,サイバーセキュリティクラウド,情報通信・サービスその他,E35354
4494,バリオセキュア,情報通信・サービスその他,E35544
4496,コマースＯｎｅホールディングス,情報通信・サービスその他,E35589
4498,サイバートラスト,情報通信・サービスその他,E35516
4502,武田薬品工業,医薬品,E00919
4503,アステラス製薬,医薬品,E00920
4506,住友ファーマ,医薬品,E00922
4507,塩野義製薬,医薬品,E00923
4512,わかもと製薬,医薬品,E00928
4516,日本新薬,医薬品,E00931
4519,中外製薬,医薬品,E00932
4521,科研製薬,医薬品,E00935
4523,エーザイ,医薬品,E00939
4524,森下仁丹,医薬品,E00941
4526,理研ビタミン,食品,E00952
4527,ロート製薬,医薬品,E00942
4528,小野薬品工業,医薬品,E00945
4531,有機合成薬品工業,素材・化学,E00848
4534,持田製薬,医薬品,E00947
4536,参天製薬,医薬品,E00949
4538,扶桑薬品工業,医薬品,E00953
4539,日本ケミファ,医薬品,E00957
4543,テルモ,電機・精密,E01630
4544,Ｈ．Ｕ．グループホールディングス,情報通信・サービスその他,E00967
4547,キッセイ薬品工業,医薬品,E00962
4548,生化学工業,医薬品,E00970
4549,栄研化学,医薬品,E00961
4552,ＪＣＲファーマ,医薬品,E00973
4553,東和薬品,医薬品,E00974
4556,カイノス,医薬品,E00977
4558,中京医薬品,医薬品,E03289
4559,ゼリア新薬工業,医薬品,E00948
4563,アンジェス,医薬品,E05301
4564,オンコセラピー・サイエンス,医薬品,E05363
4565,ネクセラファーマ,医薬品,E00981
4568,第一三共,医薬品,E00984
4569,杏林製薬,医薬品,E00985
4571,ＮＡＮＯ　ＭＲＮＡ,医薬品,E05728
4572,カルナバイオサイエンス,医薬品,E00987
4574,大幸薬品,医薬品,E22560
4576,デ・ウエスタン・セラピテクス研究所,医薬品,E22024
4578,大塚ホールディングス,医薬品,E21183
4579,ラクオリア創薬,医薬品,E25269
4582,シンバイオ製薬,医薬品,E24682
4583,カイオム・バイオサイエンス,医薬品,E26096
4584,キッズウェル・バイオ,医薬品,E27032
4586,メドレックス,医薬品,E27208
4587,ペプチドリーム,医薬品,E27486
4588,オンコリスバイオファーマ,医薬品,E30058
4591,リボミック,医薬品,E30865
4592,サンバイオ,医薬品,E31382
4593,ヘリオス,医薬品,E31335
4594,ブライトパス・バイオ,医薬品,E31851
4595,ミズホメディー,医薬品,E31946
4596,窪田製薬ホールディングス,医薬品,E32854
4597,ソレイジア・ファーマ,医薬品,E33044
4598,Ｄｅｌｔａ－Ｆｌｙ　Ｐｈａｒｍａ,医薬品,E34318
4611,大日本塗料,素材・化学,E00891
4612,日本ペイントホールディングス,素材・化学,E00892
4613,関西ペイント,素材・化学,E00893
4615,神東塗料,素材・化学,E00895
4617,中国塗料,素材・化学,E00897
4619,日本特殊塗料,素材・化学,E00900
4623,アサヒペン,素材・化学,E00909
4624,イサム塗料,素材・化学,E00910
4625,アトミクス,素材・化学,E00911
4626,太陽ホールディングス,素材・化学,E00913
4628,エスケー化研,素材・化学,E00916
4629,大伸化学,素材・化学,E00917
4631,ＤＩＣ,素材・化学,E00901
4633,サカタインクス,素材・化学,E00905
4634,ａｒｔｉｅｎｃｅ,素材・化学,E00903
4635,東京インキ,素材・化学,E00904
4641,アルプス技研,情報通信・サービスその他,E04954
4642,オリジナル設計,情報通信・サービスその他,E04955
4644,イマジニア,情報通信・サービスその他,E04959
4645,市進ホールディングス,情報通信・サービスその他,E04958
4651,サニックスホールディングス,情報通信・サービスその他,E04964
4658,日本空調サービス,情報通信・サービスその他,E04973
4659,エイジス,情報通信・サービスその他,E04975
4661,オリエンタルランド,情報通信・サービスその他,E04707
4662,フォーカスシステムズ,情報通信・サービスその他,E04976
4664,アール・エス・シー,情報通信・サービスその他,E04978
4665,ダスキン,情報通信・サービスその他,E04926
4667,アイサンテクノロジー,情報通信・サービスその他,E04980
4671,ファルコホールディングス,情報通信・サービスその他,E04982
4674,クレスコ,情報通信・サービスその他,E04988
4676,フジ・メディア・ホールディングス,情報通信・サービスその他,E04462
4678,秀英予備校,情報通信・サービスその他,E04991
4679,田谷,情報通信・サービスその他,E04990
4681,リゾートトラスト,情報通信・サービスその他,E03969
4684,オービック,情報通信・サービスその他,E05025
4685,菱友システムズ,情報通信・サービスその他,E04995
4686,ジャストシステム,情報通信・サービスその他,E04996
4687,ＴＤＣソフト,情報通信・サービスその他,E04997
4689,ＬＩＮＥヤフー,情報通信・サービスその他,E05000
4691,ワシントンホテル,情報通信・サービスその他,E35136
4694,ビー・エム・エル,情報通信・サービスその他,E05056
4704,トレンドマイクロ,情報通信・サービスその他,E04999
4705,クリップコーポレーション,情報通信・サービスその他,E05011
4709,ＩＤホールディングス,情報通信・サービスその他,E05017
4712,ＫｅｙＨｏｌｄｅｒ,情報通信・サービスその他,E05020
4714,リソー教育グループ,情報通信・サービスその他,E05024
4718,早稲田アカデミー,情報通信・サービスその他,E05028
4719,アルファシステムズ,情報通信・サービスその他,E05029
4722,フューチャー,情報通信・サービスその他,E05033
4725,ＣＡＣ　Ｈｏｌｄｉｎｇｓ,情報通信・サービスその他,E05036
4732,ユー・エス・エス,情報通信・サービスその他,E05045
4733,オービックビジネスコンサルタント,情報通信・サービスその他,E05048
4736,日本ラッド,情報通信・サービスその他,E05054
4743,アイティフォー,情報通信・サービスその他,E02909
4745,東京個別指導学院,情報通信・サービスその他,E05067
4746,東計電算,情報通信・サービスその他,E05066
4752,昭和システムエンジニアリング,情報通信・サービスその他,E05075
4755,楽天グループ,情報通信・サービスその他,E05080
4761,さくらケーシーエス,情報通信・サービスその他,E05090
4762,エックスネット,情報通信・サービスその他,E05091
4763,クリーク・アンド・リバー社,情報通信・サービスその他,E05096
4765,ＳＢＩグローバルアセットマネジメント,情報通信・サービスその他,E05097
4766,ピーエイ,情報通信・サービスその他,E05098
4768,大塚商会,情報通信・サービスその他,E05099
4771,エフアンドエム,情報通信・サービスその他,E05107
4772,ＳＭ　ＥＮＴＥＲＴＡＩＮＭＥＮＴ　ＪＡＰＡＮ,情報通信・サービスその他,E05088
4776,サイボウズ,情報通信・サービスその他,E05116
4777,ガーラ,情報通信・サービスその他,E05114
4783,ＮＣＤ,情報通信・サービスその他,E05120
4784,ＧＭＯインターネット,情報通信・サービスその他,E05123
4792,山田コンサルティンググループ,情報通信・サービスその他,E05135
4801,セントラルスポーツ,情報通信・サービスその他,E05145
4811,ドリーム・アーツ,情報通信・サービスその他,E39009
4812,電通総研,情報通信・サービスその他,E05147
4813,ＡＣＣＥＳＳ,情報通信・サービスその他,E05168
4814,ネクストウェア,情報通信・サービスその他,E05151
4816,東映アニメーション,情報通信・サービスその他,E02458
4819,デジタルガレージ,情報通信・サービスその他,E05156
4828,ビジネスエンジニアリング,情報通信・サービスその他,E05167
4832,ＪＦＥシステムズ,情報通信・サービスその他,E05173
4833,Ｄｅｆ　ｃｏｎｓｕｌｔｉｎｇ,情報通信・サービスその他,E05175
4838,スペースシャワーＳＫＩＹＡＫＩホールディングス,情報通信・サービスその他,E04478
4839,ＷＯＷＯＷ,情報通信・サービスその他,E04427
4848,フルキャストホールディングス,情報通信・サービスその他,E05182
4849,エン,情報通信・サービスその他,E05192
4881,ファンペップ,医薬品,E32989
4882,ペルセウスプロテオミクス,医薬品,E35510
4883,モダリス,医薬品,E35518
4886,あすか製薬ホールディングス,医薬品,E35791
4887,サワイグループホールディングス,医薬品,E36190
4888,ステラファーマ,医薬品,E35496
4889,レナサイエンス,医薬品,E36825
4891,ティムス,医薬品,E37069
4892,サイフューズ,医薬品,E38156
4893,ノイルイミューン・バイオテック,医薬品,E38453
4894,クオリプス,医薬品,E38688
4896,ケイファーマ,医薬品,E38985
4901,富士フイルムホールディングス,素材・化学,E00988
4902,コニカミノルタ,電機・精密,E00989
4911,資生堂,素材・化学,E00990
4912,ライオン,素材・化学,E00991
4914,高砂香料工業,素材・化学,E00993
4917,マンダム,素材・化学,E01027
4918,アイビー化粧品,素材・化学,E01035
4919,ミルボン,素材・化学,E01039
4922,コーセー,素材・化学,E01049
4923,コタ,素材・化学,E01059
4925,ハーバー研究所,素材・化学,E01063
4926,シーボン,素材・化学,E23479
4927,ポーラ・オルビスホールディングス,素材・化学,E24951
4929,アジュバンホールディングス,素材・化学,E27016
4932,アルマード,素材・化学,E35568
4933,Ｉ－ｎｅ,素材・化学,E35928
4935,リベルタ,素材・化学,E36133
4951,エステー,素材・化学,E01019
4956,コニシ,素材・化学,E02686
4957,ヤスハラケミカル,素材・化学,E01033
4966,上村工業,素材・化学,E01045
4967,小林製薬,素材・化学,E01047
4968,荒川化学工業,素材・化学,E01048
4971,メック,素材・化学,E01054
4972,綜研化学,素材・化学,E01055
4973,日本高純度化学,素材・化学,E01060
4974,タカラバイオ,素材・化学,E02474
4975,ＪＣＵ,素材・化学,E01065
4977,新田ゼラチン,素材・化学,E26061
4978,リプロセル,素材・化学,E27585
4979,ＯＡＴアグリオ,素材・化学,E30697
4985,アース製薬,素材・化学,E01015
4994,大成ラミックグループ,素材・化学,E01058
4997,日本農薬,素材・化学,E00937
4998,フマキラー,素材・化学,E01007
5011,ニチレキグループ,エネルギー資源,E01077
5013,ユシロ,エネルギー資源,E01080
5015,ビーピー・カストロール,エネルギー資源,E02800
5017,富士石油,エネルギー資源,E01082
5018,ＭＯＲＥＳＣＯ,エネルギー資源,E01083
5019,出光興産,エネルギー資源,E01084
5021,コスモエネルギーホールディングス,エネルギー資源,E31632
5025,マーキュリー,情報通信・サービスその他,E37397
5027,ＡｎｙＭｉｎｄ　Ｇｒｏｕｐ,情報通信・サービスその他,E37466
5028,セカンドサイトアナリティカ,情報通信・サービスその他,E37506
5029,サークレイス,情報通信・サービスその他,E37603
5031,モイ,情報通信・サービスその他,E37333
5032,ＡＮＹＣＯＬＯＲ,情報通信・サービスその他,E37573
5033,ヌーラボ,情報通信・サービスその他,E37435
5035,ＨＯＵＳＥＩ,情報通信・サービスその他,E37790
5038,ｅＷｅＬＬ,情報通信・サービスその他,E37902
5071,ヴィス,情報通信・サービスその他,E34454
5076,インフロニア・ホールディングス,建設・資材,E36723
5078,セレコーポレーション,建設・資材,E37456
5079,ノバック,建設・資材,E37468
5101,横浜ゴム,自動車・輸送機,E01085
5103,昭和ホールディングス,自動車・輸送機,E01088
5105,ＴＯＹＯ　ＴＩＲＥ,自動車・輸送機,E01090
5108,ブリヂストン,自動車・輸送機,E01086
5121,藤倉コンポジット,自動車・輸送機,E01094
5122,オカモト,自動車・輸送機,E01100
5126,ポーターズ,情報通信・サービスその他,E37926
5133,テリロジーホールディングス,情報通信・サービスその他,E37914
5138,Ｒｅｂａｓｅ,情報通信・サービスその他,E38171
5139,オープンワーク,情報通信・サービスその他,E38180
5142,アキレス,素材・化学,E01096
5161,西川ゴム工業,自動車・輸送機,E01112
5162,朝日ラバー,自動車・輸送機,E01115
5184,ニチリン,自動車・輸送機,E01114
5185,フコク,自動車・輸送機,E01113
5186,ニッタ,自動車・輸送機,E01111
5187,クリエートメディック,電機・精密,E02416
5189,櫻護謨,自動車・輸送機,E01107
5191,住友理工,自動車・輸送機,E01097
5192,三ツ星ベルト,自動車・輸送機,E01098
5194,相模ゴム工業,自動車・輸送機,E01095
5195,バンドー化学,自動車・輸送機,E01092
5199,不二ラテックス,自動車・輸送機,E01109
5201,ＡＧＣ,建設・資材,E01122
5202,日本板硝子,建設・資材,E01121
5204,石塚硝子,建設・資材,E01123
5208,有沢製作所,素材・化学,E01152
5214,日本電気硝子,建設・資材,E01190
5216,倉元製作所,建設・資材,E01205
5232,住友大阪セメント,建設・資材,E01127
5233,太平洋セメント,建設・資材,E01130
5237,ノザワ,建設・資材,E01166
5242,アイズ,情報通信・サービスその他,E38163
5244,ｊｉｇ．ｊｐ,情報通信・サービスその他,E38201
5247,ＢＴＭ,情報通信・サービスその他,E38191
5248,テクノロジーズ,情報通信・サービスその他,E38256
5252,日本ナレッジ,情報通信・サービスその他,E38474
5253,カバー,情報通信・サービスその他,E38478
5255,モンスターラボ,情報通信・サービスその他,E38477
5257,ノバシステム,情報通信・サービスその他,E38335
5258,トランザクション・メディア・ネットワークス,情報通信・サービスその他,E38491
5261,リソルホールディングス,情報通信・サービスその他,E01156
5262,日本ヒューム,建設・資材,E01157
5268,旭コンクリート工業,建設・資材,E01143
5269,日本コンクリート工業,建設・資材,E01142
5271,トーヨーアサノ,建設・資材,E01165
5273,三谷セキサン,建設・資材,E01169
5279,日本興業,建設・資材,E01200
5282,ジオスター,建設・資材,E01206
5284,ヤマウホールディングス,建設・資材,E01211
5285,ヤマックス,建設・資材,E01212
5287,イトーヨーギョー,建設・資材,E01216
5288,アジアパイルホールディングス,建設・資材,E01222
5301,東海カーボン,建設・資材,E01162
5302,日本カーボン,建設・資材,E01140
5304,ＳＥＣカーボン,建設・資材,E01173
5331,ノリタケ,建設・資材,E01139
5332,ＴＯＴＯ,建設・資材,E01138
5333,日本碍子,建設・資材,E01137
5334,日本特殊陶業,建設・資材,E01136
5337,ダントーホールディングス,建設・資材,E01141
5344,ＭＡＲＵＷＡ,建設・資材,E01210
5351,品川リフラ,建設・資材,E01146
5352,黒崎播磨,建設・資材,E01150
5355,日本坩堝,建設・資材,E01131
5356,美濃窯業,建設・資材,E01180
5357,ヨータイ,建設・資材,E01147
5363,東京窯業,建設・資材,E01149
5367,ニッカトー,建設・資材,E01188
5368,日本インシュレーション,建設・資材,E35497
5381,マイポックス,建設・資材,E01218
5384,フジミインコーポレーテッド,建設・資材,E01207
5386,鶴弥,建設・資材,E01204
5388,クニミネ工業,建設・資材,E01195
5391,エーアンドエーマテリアル,建設・資材,E01163
5393,ニチアス,建設・資材,E01151
5401,日本製鉄,鉄鋼・非鉄,E01225
5406,神戸製鋼所,鉄鋼・非鉄,E01231
5408,中山製鋼所,鉄鋼・非鉄,E01229
5411,ＪＦＥホールディングス,鉄鋼・非鉄,E01264
5423,東京製鐵,鉄鋼・非鉄,E01261
5444,大和工業,鉄鋼・非鉄,E01259
5445,東京鐵鋼,鉄鋼・非鉄,E01292
5446,北越メタル,鉄鋼・非鉄,E01260
5449,大阪製鐵,鉄鋼・非鉄,E01262
5451,ヨドコウ,鉄鋼・非鉄,E01247
5458,高砂鐵工,鉄鋼・非鉄,E01275
5461,中部鋼鈑,鉄鋼・非鉄,E01251
5463,丸一鋼管,鉄鋼・非鉄,E01253
5464,モリ工業,鉄鋼・非鉄,E01315
5471,大同特殊鋼,鉄鋼・非鉄,E01239
5476,日本高周波鋼業,鉄鋼・非鉄,E01240
5482,愛知製鋼,鉄鋼・非鉄,E01234
5484,東北特殊鋼,鉄鋼・非鉄,E01245
5491,日本金属,鉄鋼・非鉄,E01276
5535,ミガロホールディングス,不動産,E38760
5541,大平洋金属,鉄鋼・非鉄,E01254
5542,新報国マテリアル,鉄鋼・非鉄,E01257
5563,新日本電工,鉄鋼・非鉄,E01256
5571,エキサイトホールディングス,情報通信・サービスその他,E34326
5576,オービーシステム,情報通信・サービスその他,E38645
5588,ファーストアカウンティング,情報通信・サービスその他,E38948
5589,オートサーバー,情報通信・サービスその他,E38919
5591,ＡＶＩＬＥＮ,情報通信・サービスその他,E38949
5592,くすりの窓口,情報通信・サービスその他,E38965
5596,アウトルックコンサルティング,情報通信・サービスその他,E39126
5597,ブルーイノベーション,情報通信・サービスその他,E39114
5599,Ｓ＆Ｊ,情報通信・サービスその他,E39122
5602,栗本鐵工所,鉄鋼・非鉄,E01268
5603,虹技,鉄鋼・非鉄,E01269
5609,日本鋳造,鉄鋼・非鉄,E01236
5612,日本鋳鉄管,鉄鋼・非鉄,E01283
5616,雨風太陽,情報通信・サービスその他,E39162
5618,ナイル,情報通信・サービスその他,E39203
5619,マーソ,情報通信・サービスその他,E39171
5621,ヒューマンテクノロジーズ,情報通信・サービスその他,E39194
5631,日本製鋼所,機械,E01232
5632,三菱製鋼,鉄鋼・非鉄,E01233
5644,メタルアート,鉄鋼・非鉄,E02185
5658,日亜鋼業,鉄鋼・非鉄,E01287
5659,日本精線,鉄鋼・非鉄,E01280
5695,パウダーテック,鉄鋼・非鉄,E01294
5697,サンユウ,鉄鋼・非鉄,E01296
5699,イボキン,鉄鋼・非鉄,E34130
5702,大紀アルミニウム工業所,鉄鋼・非鉄,E01318
5703,日本軽金属ホールディングス,鉄鋼・非鉄,E26707
5704,ＪＭＣ,鉄鋼・非鉄,E32770
5706,三井金属,鉄鋼・非鉄,E00024
5707,東邦亜鉛,鉄鋼・非鉄,E01308
5711,三菱マテリアル,鉄鋼・非鉄,E00021
5713,住友金属鉱山,鉄鋼・非鉄,E00023
5714,ＤＯＷＡホールディングス,鉄鋼・非鉄,E00028
5715,古河機械金属,鉄鋼・非鉄,E00032
5721,エス・サイエンス,鉄鋼・非鉄,E01300
5726,大阪チタニウムテクノロジーズ,鉄鋼・非鉄,E01327
5727,東邦チタニウム,鉄鋼・非鉄,E01301
5729,日本精鉱,鉄鋼・非鉄,E00026
5741,ＵＡＣＪ,鉄鋼・非鉄,E01330
5742,エヌアイシ・オートテック,鉄鋼・非鉄,E01331
5753,日本伸銅,鉄鋼・非鉄,E01305
5757,ＣＫサンエツ,鉄鋼・非鉄,E01321
5801,古河電気工業,鉄鋼・非鉄,E01332
5802,住友電気工業,鉄鋼・非鉄,E01333
5803,フジクラ,鉄鋼・非鉄,E01334
5805,ＳＷＣＣ,鉄鋼・非鉄,E01336
5816,オーナンバ,鉄鋼・非鉄,E00846
5817,ＪＭＡＣＳ,鉄鋼・非鉄,E01348
5819,カナレ電気,鉄鋼・非鉄,E01350
5821,平河ヒューテック,鉄鋼・非鉄,E01352
5831,しずおかフィナンシャルグループ,銀行,E37777
5832,ちゅうぎんフィナンシャルグループ,銀行,E37785
5834,ＳＢＩリーシングサービス,金融（除く銀行）,E37986
5838,楽天銀行,銀行,E03621
5842,インテグラル,金融（除く銀行）,E25156
5844,京都フィナンシャルグループ,銀行,E38714
5845,全保連,金融（除く銀行）,E39018
5851,リョービ,鉄鋼・非鉄,E01379
5852,アーレスティ,鉄鋼・非鉄,E01303
5856,エルアイイーエイチ,小売,E01329
5857,ＡＲＥホールディングス,鉄鋼・非鉄,E21187
5858,ＳＴＧ,鉄鋼・非鉄,E36844
5867,エスネットワークス,情報通信・サービスその他,E38078
5868,ロココ,情報通信・サービスその他,E39136
5869,早稲田学習研究会,情報通信・サービスその他,E39165
5871,ＳＯＬＩＺＥ　Ｈｏｌｄｉｎｇｓ,情報通信・サービスその他,E35118
5888,ＤＡＩＷＡ　ＣＹＣＬＥ,小売,E38738
5889,Ｊａｐａｎ　Ｅｙｅｗｅａｒ　Ｈｏｌｄｉｎｇｓ,小売,E39074
5891,魁力屋,小売,E39133
5892,ｙｕｔｏｒｉ,小売,E39222
5901,東洋製罐グループホールディングス,建設・資材,E01353
5902,ホッカンホールディングス,建設・資材,E01354
5905,日本製罐,建設・資材,E01408
5906,エムケー精工,建設・資材,E02409
5909,コロナ,建設・資材,E01444
5911,横河ブリッジホールディングス,建設・資材,E01355
5915,駒井ハルテック,建設・資材,E01362
5918,瀧上工業,建設・資材,E01364
5922,那須電機鉄工,建設・資材,E01365
5923,高田機工,建設・資材,E01373
5928,アルメタックス,建設・資材,E01320
5929,三和ホールディングス,建設・資材,E01385
5933,アルインコ,建設・資材,E01430
5936,東洋シヤッター,建設・資材,E01415
5938,ＬＩＸＩＬ,建設・資材,E01317
5939,大谷工業,建設・資材,E01425
5941,中西製作所,建設・資材,E01445
5943,ノーリツ,建設・資材,E02379
5945,天龍製鋸,建設・資材,E01426
5946,長府製作所,建設・資材,E01659
5947,リンナイ,建設・資材,E01417
5949,ユニプレス,自動車・輸送機,E02194
5951,ダイニチ工業,建設・資材,E01427
5952,アマテイ,建設・資材,E01368
5955,ワイズホールディングス,建設・資材,E01369
5956,トーソー,建設・資材,E02442
5957,日東精工,建設・資材,E02296
5958,三洋工業,建設・資材,E01409
5959,岡部,建設・資材,E01412
5962,浅香工業,情報通信・サービスその他,E01391
5965,フジマック,建設・資材,E02445
5966,京都機械工具,建設・資材,E01420
5969,ロブテックス,建設・資材,E01403
5971,共和工業所,建設・資材,E01442
5973,トーアミ,建設・資材,E01441
5974,中国工業,建設・資材,E01366
5975,東プレ,建設・資材,E01382
5976,高周波熱錬,建設・資材,E01400
5981,東京製綱,建設・資材,E01378
5982,マルゼン,建設・資材,E02438
5983,イワブチ,建設・資材,E01439
5984,兼房,建設・資材,E01437
5985,サンコール,建設・資材,E01402
5986,モリテック　スチール,建設・資材,E01411
5988,パイオラックス,建設・資材,E01438
5989,エイチワン,建設・資材,E02222
5991,日本発條,建設・資材,E01367
5992,中央発條,建設・資材,E01405
5994,ファインシンター,建設・資材,E01396
5997,協立エアテック,建設・資材,E01431
5998,アドバネクス,建設・資材,E01393
6005,三浦工業,機械,E01478
6013,タクマ,機械,E01469
6016,ジャパンエンジンコーポレーション,自動車・輸送機,E01474
6018,阪神内燃機工業,自動車・輸送機,E01471
6022,赤阪鐵工所,機械,E01475
6023,ダイハツインフィニアース,自動車・輸送機,E01477
6027,弁護士ドットコム,情報通信・サービスその他,E31009
6029,アトラグループ,情報通信・サービスその他,E30998
6033,エクストリーム,情報通信・サービスその他,E31079
6034,ＭＲＴ,情報通信・サービスその他,E31071
6035,アイ・アールジャパンホールディングス,情報通信・サービスその他,E31054
6039,日本動物高度医療センター,情報通信・サービスその他,E31381
6042,ニッキ,自動車・輸送機,E02171
6045,レントラックス,情報通信・サービスその他,E31446
6054,リブセンス,情報通信・サービスその他,E26032
6055,ジャパンマテリアル,情報通信・サービスその他,E26124
6058,ベクトル,情報通信・サービスその他,E26428
6059,ウチヤマホールディングス,情報通信・サービスその他,E26454
6063,日本エマージェンシーアシスタンス,情報通信・サービスその他,E26625
6069,トレンダーズ,情報通信・サービスその他,E26933
6071,ＩＢＪ,情報通信・サービスその他,E27066
6072,地盤ネットホールディングス,情報通信・サービスその他,E27059
6073,アサンテ,情報通信・サービスその他,E27303
6074,ジェイエスエス,情報通信・サービスその他,E27506
6078,バリューＨＲ,情報通信・サービスその他,E22470
6081,アライドアーキテクツ,情報通信・サービスその他,E30053
6082,ライドオンエクスプレスホールディングス,情報通信・サービスその他,E30065
6085,アーキテクツ・スタジオ・ジャパン,情報通信・サービスその他,E30119
6086,シンメンテホールディングス,情報通信・サービスその他,E30120
6088,シグマクシス・ホールディングス,情報通信・サービスその他,E30130
6089,ウィルグループ,情報通信・サービスその他,E30140
6092,エンバイオ・ホールディングス,情報通信・サービスその他,E30445
6093,エスクロー・エージェント・ジャパン,情報通信・サービスその他,E30476
6096,レアジョブ,情報通信・サービスその他,E30682
6098,リクルートホールディングス,情報通信・サービスその他,E07801
6099,エラン,情報通信・サービスその他,E30929
6101,ツガミ,機械,E01480
6103,オークマ,機械,E01481
6104,芝浦機械,機械,E01482
6113,アマダ,機械,E01486
6118,アイダエンジニアリング,機械,E01545
6125,岡本工作機械製作所,機械,E01493
6134,ＦＵＪＩ,機械,E01495
6135,牧野フライス製作所,機械,E01496
6137,小池酸素工業,機械,E00794
6138,ダイジェット工業,機械,E01488
6141,ＤＭＧ森精機,機械,E01502
6143,ソディック,機械,E01504
6144,西部電機,機械,E01930
6145,ＮＩＴＴＯＫＵ,機械,E01981
6146,ディスコ,機械,E01506
6147,ヤマザキ,機械,E01507
6149,小田原エンジニアリング,機械,E01692
6151,日東工器,機械,E01509
6155,高松機械工業,機械,E01510
6157,日進工具,機械,E01729
6158,和井田製作所,機械,E01511
6161,エスティック,機械,E01730
6165,パンチ工業,機械,E27063
6166,中村超硬,機械,E31542
6167,冨士ダイス,機械,E31594
6171,土木管理総合試験所,情報通信・サービスその他,E31723
6173,アクアライン,情報通信・サービスその他,E31694
6177,ＡｐｐＢａｎｋ,情報通信・サービスその他,E31817
6178,日本郵政,情報通信・サービスその他,E31748
6181,タメニー,情報通信・サービスその他,E31855
6182,メタリアル,情報通信・サービスその他,E31901
6183,ベルシステム２４ホールディングス,情報通信・サービスその他,E31896
6184,鎌倉新書,情報通信・サービスその他,E31871
6185,ＳＭＮ,情報通信・サービスその他,E31958
6186,一蔵,情報通信・サービスその他,E31997
6193,バーチャレクス・ホールディングス,情報通信・サービスその他,E32203
6195,ホープ,情報通信・サービスその他,E32405
6197,ソラスト,情報通信・サービスその他,E04878
6201,豊田自動織機,自動車・輸送機,E01514
6203,豊和工業,機械,E01515
6208,石川製作所,機械,E01518
6209,リケンＮＰＲ,機械,E38761
6218,エンシュウ,機械,E01521
6222,島精機製作所,機械,E01531
6223,西部技研,機械,E38926
6224,ＪＲＣ,機械,E38780
6226,守谷輸送機工業,機械,E37499
6228,ジェイ・イー・ティ,機械,E36545
6229,オーケーエム,機械,E36098
6231,木村工機,機械,E35449
6232,ＡＣＳＬ,機械,E34514
6235,オプトラン,機械,E33594
6237,イワキポンプ,機械,E32189
6238,フリュー,機械,E11661
6245,ヒラノテクシード,機械,E01548
6246,テクノスマート,機械,E01628
6247,日阪製作所,機械,E01643
6248,横田製作所,機械,E27530
6249,ゲームカードホールディングス,機械,E25169
6254,野村マイクロ・サイエンス,機械,E01735
6257,藤商事,機械,E02488
6258,平田機工,機械,E01733
6262,ＰＥＧＡＳＵＳ,機械,E01731
6265,コンバム,機械,E01728
6266,タツモ,機械,E02350
6268,ナブテスコ,機械,E01726
6269,三井海洋開発,機械,E01725
6272,レオン自動機,機械,E01670
6273,ＳＭＣ,機械,E01673
6276,シリウスビジョン,電機・精密,E01675
6278,ユニオンツール,機械,E01505
6279,瑞光,機械,E01677
6282,オイレス工業,機械,E01642
6286,靜甲,機械,E01684
6287,サトー,機械,E01685
6291,日本エアーテック,機械,E02421
6292,カワタ,機械,E01694
6293,日精樹脂工業,機械,E01695
6294,オカダアイヨン,機械,E01696
6298,ワイエイシイホールディングス,機械,E02008
6301,小松製作所,機械,E01532
6302,住友重機械工業,機械,E01533
6305,日立建機,機械,E01585
6306,日工,機械,E01372
6307,サンセイ,機械,E01704
6312,フロイント産業,機械,E01706
6315,ＴＯＷＡ,機械,E01708
6317,北川鉄工所,機械,E01584
6322,タクミナ,機械,E01711
6323,ローツェ,機械,E02328
6324,ハーモニック・ドライブ・システムズ,機械,E01712
6325,タカキタ,機械,E01617
6326,クボタ,機械,E01267
6328,荏原実業,機械,E01714
6331,三菱化工機,機械,E01536
6332,月島ホールディングス,機械,E01537
6333,帝国電機製作所,機械,E01761
6334,明治機械,機械,E01538
6335,東京機械製作所,機械,E01539
6336,石井表記,機械,E02047
6337,テセック,機械,E02049
6339,新東工業,機械,E01541
6342,太平製作所,機械,E01547
6343,フリージア・マクロス,機械,E01620
6345,アイチ　コーポレーション,機械,E01657
6346,キクカワエンタープライズ,機械,E01629
6347,プラコー,機械,E01651
6349,小森コーポレーション,機械,E01667
6351,鶴見製作所,機械,E01662
6356,日本ギア工業,機械,E02173
6357,三精テクノロジーズ,機械,E01632
6358,酒井重工業,機械,E01610
6361,荏原製作所,機械,E01542
6363,酉島製作所,機械,E01636
6364,ＡＩＲＭＡＮ,機械,E01663
6365,電業社機械製作所,機械,E01544
6366,千代田化工建設,建設・資材,E01569
6367,ダイキン工業,機械,E01570
6368,オルガノ,機械,E01571
6369,トーヨーカネツ,機械,E01572
6371,椿本チエイン,機械,E01578
6373,大同工業,機械,E01580
6376,日機装,電機・精密,E01591
6378,木村化工機,機械,E01546
6379,レイズネクスト,建設・資材,E01577
6381,アネスト岩田,機械,E01554
6382,トリニティ工業,機械,E01627
6383,ダイフク,機械,E01551
6384,昭和真空,機械,E01719
6391,加地テック,機械,E01529
6392,ヤマダコーポレーション,機械,E02180
6393,油研工業,機械,E01612
6395,タダノ,機械,E01613
6396,宇野澤組鐵工所,機械,E01635
6402,兼松エンジニアリング,機械,E01721
6403,水道機工,機械,E01646
6405,鈴茂器工,機械,E01724
6406,フジテック,機械,E01622
6407,ＣＫＤ,機械,E01909
6408,小倉クラッチ,機械,E01647
6412,平和,機械,E02403
6413,理想科学工業,機械,E02410
6417,ＳＡＮＫＹＯ,機械,E02419
6418,日本金銭機械,機械,E01698
6419,マースグループホールディングス,機械,E02424
6424,高見沢サイバネティックス,機械,E02025
6425,ユニバーサルエンターテインメント,機械,E02452
6428,オーイズミ,機械,E01718
6432,竹内製作所,機械,E01723
6433,ヒーハイスト,機械,E01727
6436,アマノ,機械,E01590
6444,サンデン,機械,E01913
6445,ジャノメ,機械,E01595
6448,ブラザー工業,電機・精密,E01594
6454,マックス,機械,E02381
6455,モリタホールディングス,自動車・輸送機,E01653
6457,グローリー,機械,E01650
6458,新晃工業,機械,E01669
6459,大和冷機工業,機械,E01961
6463,ＴＰＲ,機械,E01599
6464,ツバキ・ナカシマ,機械,E31954
6465,ホシザキ,機械,E01654
6467,ニチダイ,機械,E01456
6469,放電精密加工研究所,機械,E01454
6471,日本精工,機械,E01600
6472,ＮＴＮ,機械,E01601
6473,ジェイテクト,機械,E01602
6479,ミネベアミツミ,電機・精密,E01607
6481,ＴＨＫ,機械,E01678
6482,ＹＵＳＨＩＮ,機械,E01710
6484,ＫＶＫ,機械,E01434
6485,前澤給装工業,機械,E01693
6486,イーグル工業,機械,E01414
6488,ヨシタケ,機械,E01683
6493,ＮＩＴＴＡＮ,自動車・輸送機,E02189
6494,ＮＦＫホールディングス,機械,E01648
6495,宮入バルブ製作所,機械,E01624
6497,ハマイ,機械,E01652
6498,キッツ,機械,E01660
6501,日立製作所,電機・精密,E01737
6503,三菱電機,電機・精密,E01739
6504,富士電機,電機・精密,E01740
6506,安川電機,電機・精密,E01741
6507,シンフォニアテクノロジー,電機・精密,E01743
6508,明電舎,電機・精密,E01744
6513,オリジン,電機・精密,E01751
6516,山洋電気,電機・精密,E01806
6517,デンヨー,電機・精密,E01758
6518,三相電機,電機・精密,E02012
6521,オキサイド,電機・精密,E36433
6523,ＰＨＣホールディングス,電機・精密,E36976
6524,湖北工業,電機・精密,E37156
6525,ＫＯＫＵＳＡＩ　ＥＬＥＣＴＲＩＣ,電機・精密,E37488
6526,ソシオネクスト,電機・精密,E37978
6532,ベイカレント,情報通信・サービスその他,E32549
6533,Ｏｒｃｈｅｓｔｒａ　Ｈｏｌｄｉｎｇｓ,情報通信・サービスその他,E32601
6537,ＷＡＳＨハウス,情報通信・サービスその他,E32753
6538,ディスラプターズ,情報通信・サービスその他,E32795
6539,ＭＳ－Ｊａｐａｎ,情報通信・サービスその他,E32801
6543,日宣,情報通信・サービスその他,E32951
6544,ジャパンエレベーターサービスホールディングス,情報通信・サービスその他,E33034
6545,インターネットインフィニティー,情報通信・サービスその他,E33005
6546,フルテック,情報通信・サービスその他,E33009
6548,旅工房,情報通信・サービスその他,E33110
6549,ディーエムソリューションズ,情報通信・サービスその他,E33247
6555,ＭＳ＆Ｃｏｎｓｕｌｔｉｎｇ,情報通信・サービスその他,E20870
6557,ＡＩＡＩグループ,情報通信・サービスその他,E33557
6561,ＨＡＮＡＴＯＵＲ　ＪＡＰＡＮ,情報通信・サービスその他,E33602
6562,ジーニー,情報通信・サービスその他,E33615
6564,ミダックホールディングス,情報通信・サービスその他,E33577
6565,ＡＢホテル,情報通信・サービスその他,E33638
6566,要興業,情報通信・サービスその他,E33633
6568,神戸天然物化学,情報通信・サービスその他,E33794
6572,オープングループ,情報通信・サービスその他,E33881
6573,アジャイルメディア・ネットワーク,情報通信・サービスその他,E33868
6574,コンヴァノ,情報通信・サービスその他,E33864
6578,コレックホールディングス,情報通信・サービスその他,E33928
6579,ログリー,情報通信・サービスその他,E34082
6584,三櫻工業,自動車・輸送機,E01753
6586,マキタ,機械,E01920
6588,東芝テック,電機・精密,E01884
6592,マブチモーター,電機・精密,E01944
6594,ニデック,電機・精密,E01975
6599,エブレン,電機・精密,E35555
6612,バルミューダ,電機・精密,E36091
6613,ＱＤレーザ,電機・精密,E35542
6614,シキノハイテック,電機・精密,E36368
6615,ユー・エム・シー・エレクトロニクス,電機・精密,E32169
6616,トレックス・セミコンダクター,電機・精密,E30479
6617,東光高岳,電機・精密,E26713
6619,ダブル・スコープ,電機・精密,E26082
6622,ダイヘン,電機・精密,E01750
6625,ＪＡＬＣＯホールディングス,不動産,E25686
6626,ＳＥＭＩＴＥＣ,電機・精密,E25386
6627,テラプローブ,電機・精密,E24994
6629,テクノホライゾン,電機・精密,E23871
6632,ＪＶＣケンウッド,電機・精密,E21320
6633,ＣＧＳホールディングス,電機・精密,E02120
6635,大日光・エンジニアリング,電機・精密,E02116
6637,寺崎電気産業,電機・精密,E01764
6638,ミマキエンジニアリング,電機・精密,E02114
6643,戸上電機製作所,電機・精密,E01747
6644,大崎電気工業,電機・精密,E01752
6645,オムロン,電機・精密,E01755
6647,森尾電機,電機・精密,E01912
6648,かわでん,電機・精密,E01754
6651,日東工業,電機・精密,E01759
6652,ＩＤＥＣ,電機・精密,E01951
6653,正興電機製作所,電機・精密,E01760
6654,不二電機工業,電機・精密,E02007
6656,インスペック,電機・精密,E02356
6658,シライ電子工業,電機・精密,E02109
6659,メディアリンクス,電機・精密,E01875
6663,太洋テクノレックス,電機・精密,E02097
6666,リバーエレテック,電機・精密,E02093
6674,ジーエス・ユアサ　コーポレーション,電機・精密,E02089
6675,サクサ,電機・精密,E01874
6676,ＢＵＦＦＡＬＯ,電機・精密,E02086
6678,テクノメディカ,電機・精密,E02345
6694,ズーム,電機・精密,E33025
6696,トラース・オン・プロダクト,電機・精密,E33323
6699,ダイヤモンドエレクトリックホールディングス,電機・精密,E34065
6701,日本電気,電機・精密,E01765
6702,富士通,電機・精密,E01766
6703,沖電気工業,電機・精密,E01767
6706,電気興業,電機・精密,E01897
6707,サンケン電気,電機・精密,E01790
6718,アイホン,電機・精密,E01849
6721,ウインテスト,電機・精密,E02083
6723,ルネサスエレクトロニクス,電機・精密,E02081
6724,セイコーエプソン,電機・精密,E01873
6727,ワコム,電機・精密,E02059
6734,ニューテック,電機・精密,E02072
6736,サン電子,電機・精密,E02070
6737,ＥＩＺＯ,電機・精密,E02069
6741,日本信号,電機・精密,E01769
6742,京三製作所,電機・精密,E01770
6743,大同信号,電機・精密,E01816
6744,能美防災,電機・精密,E01803
6745,ホーチキ,電機・精密,E01802
6748,星和電機,電機・精密,E01984
6752,パナソニック　ホールディングス,電機・精密,E01772
6753,シャープ,電機・精密,E01773
6754,アンリツ,電機・精密,E01774
6757,ＯＳＧコーポレーション,電機・精密,E02065
6758,ソニーグループ,電機・精密,E01777
6762,ＴＤＫ,電機・精密,E01780
6763,帝国通信工業,電機・精密,E01782
6768,タムラ製作所,電機・精密,E01786
6769,ザインエレクトロニクス,電機・精密,E02062
6771,池上通信機,電機・精密,E01819
6772,東京コスモス電機,電機・精密,E01811
6775,ＴＢグループ,電機・精密,E01795
6776,天昇電気工業,素材・化学,E01813
6777,ｓａｎｔｅｃ　Ｈｏｌｄｉｎｇｓ,電機・精密,E01870
6779,日本電波工業,電機・精密,E01807
6786,ＲＶＨ,情報通信・サービスその他,E02057
6787,メイコー,電機・精密,E02056
6788,日本トリム,電機・精密,E02333
6794,フォスター電機,電機・精密,E01797
6797,名古屋電機工業,電機・精密,E02055
6798,ＳＭＫ,電機・精密,E01805
6803,ティアック,電機・精密,E01932
6804,ホシデン,電機・精密,E01815
6806,ヒロセ電機,電機・精密,E01939
6807,日本航空電子工業,電機・精密,E01828
6809,ＴＯＡ,電機・精密,E01831
6814,古野電気,電機・精密,E01839
6817,スミダコーポレーション,電機・精密,E01971
6819,伊豆シャボテンリゾート,情報通信・サービスその他,E01987
6822,大井電気,電機・精密,E01859
6823,リオン,電機・精密,E01842
6824,新コスモス電機,電機・精密,E02027
6832,アオイ電子,電機・精密,E02051
6834,精工技研,電機・精密,E01717
6835,アライドテレシスホールディングス,電機・精密,E01867
6836,ぷらっとホーム,電機・精密,E03346
6837,京写,電機・精密,E02048
6838,多摩川ホールディングス,電機・精密,E01864
6841,横河電機,電機・精密,E01878
6844,新電元工業,電機・精密,E01887
6845,アズビル,電機・精密,E01879
6848,東亜ディーケーケー,電機・精密,E01798
6849,日本光電工業,電機・精密,E01903
6853,共和電業,電機・精密,E01921
6855,日本電子材料,電機・精密,E02043
6856,堀場製作所,電機・精密,E01901
6857,アドバンテスト,電機・精密,E01950
6858,小野測器,電機・精密,E02306
6859,エスペック,電機・精密,E02307
6861,キーエンス,電機・精密,E01967
6862,ミナトホールディングス,電機・精密,E01977
6863,ニレコ,電機・精密,E02411
6864,エヌエフホールディングス,電機・精密,E01847
6867,リーダー電子,電機・精密,E02005
6869,シスメックス,電機・精密,E02015
6871,日本マイクロニクス,電機・精密,E02030
6875,メガチップス,電機・精密,E02042
6882,三社電機製作所,電機・精密,E01821
6894,パルステック工業,電機・精密,E02021
6897,ツインバード,電機・精密,E02017
6898,トミタ電機,電機・精密,E02016
6899,ＡＳＴＩ,電機・精密,E02013
6901,澤藤電機,電機・精密,E01885
6902,デンソー,自動車・輸送機,E01892
6904,原田工業,電機・精密,E01857
6907,ジオマテック,電機・精密,E02431
6908,イリソ電子工業,電機・精密,E02009
6912,菊水ホールディングス,電機・精密,E02004
6914,オプテックスグループ,電機・精密,E01998
6915,千代田インテグレ,電機・精密,E01995
6918,アバールデータ,電機・精密,E01993
6919,ケル,電機・精密,E01992
6923,スタンレー電気,電機・精密,E01880
6925,ウシオ電機,電機・精密,E01929
6926,岡谷電機産業,電機・精密,E01928
6927,ヘリオス　テクノ　ホールディング,電機・精密,E02076
6928,エノモト,電機・精密,E01989
6929,日本セラミック,電機・精密,E01988
6932,遠藤照明,電機・精密,E01986
6937,古河電池,電機・精密,E01917
6941,山一電機,電機・精密,E01979
6942,ソフィアホールディングス,情報通信・サービスその他,E01978
6943,ＮＫＫスイッチズ,電機・精密,E01974
6946,日本アビオニクス,電機・精密,E01968
6947,図研,電機・精密,E01966
6951,日本電子,電機・精密,E01905
6952,カシオ計算機,電機・精密,E01935
6954,ファナック,電機・精密,E01946
6955,ＦＤＫ,電機・精密,E01896
6957,芝浦電子,電機・精密,E01960
6958,日本シイエムケイ,電機・精密,E01959
6961,エンプラス,電機・精密,E02390
6962,大真空,電機・精密,E01952
6963,ローム,電機・精密,E01953
6964,サンコー,電機・精密,E01954
6966,三井ハイテック,電機・精密,E02293
6969,松尾電機,電機・精密,E01933
6971,京セラ,電機・精密,E01182
6976,太陽誘電,電機・精密,E01824
6977,日本抵抗器製作所,電機・精密,E01906
6981,村田製作所,電機・精密,E01914
6982,リード,自動車・輸送機,E01916
6986,双葉電子工業,電機・精密,E01841
6988,日東電工,素材・化学,E01888
6989,北陸電気工業,電機・精密,E01817
6993,大黒屋ホールディングス,小売,E01891
6994,指月電機製作所,電機・精密,E01899
6995,東海理化電機製作所,自動車・輸送機,E01898
6996,ニチコン,電機・精密,E01904
6997,日本ケミコン,電機・精密,E01926
6998,日本タングステン,電機・精密,E01907
6999,ＫＯＡ,電機・精密,E01902
7003,三井Ｅ＆Ｓ,機械,E02123
7004,カナデビア,機械,E02124
7011,三菱重工業,機械,E02126
7012,川崎重工業,自動車・輸送機,E02127
7013,ＩＨＩ,機械,E02128
7014,名村造船所,自動車・輸送機,E02129
7018,内海造船,自動車・輸送機,E02131
7021,ニッチツ,機械,E00035
7022,サノヤスホールディングス,機械,E25662
7031,インバウンドテック,情報通信・サービスその他,E34070
7036,イーエムネットジャパン,情報通信・サービスその他,E34294
7037,テノ．ホールディングス,情報通信・サービスその他,E34276
7038,フロンティア・マネジメント,情報通信・サービスその他,E34290
7039,ブリッジインターナショナルグループ,情報通信・サービスその他,E34331
7042,アクセスグループ・ホールディングス,情報通信・サービスその他,E34379
7043,アルー,情報通信・サービスその他,E34498
7044,ピアラ,情報通信・サービスその他,E34484
7046,ＴＤＳＥ,情報通信・サービスその他,E34487
7047,ポート,情報通信・サービスその他,E34537
7048,ベルトラ,情報通信・サービスその他,E34508
7049,識学,情報通信・サービスその他,E34634
7057,エヌ・シー・エヌ,情報通信・サービスその他,E34716
7058,共栄セキュリティーサービス,情報通信・サービスその他,E34722
7059,コプロ・ホールディングス,情報通信・サービスその他,E34699
7061,日本ホスピスホールディングス,情報通信・サービスその他,E34735
7062,フレアス,情報通信・サービスその他,E34725
7064,ハウテレビジョン,情報通信・サービスその他,E34866
7067,ブランディングテクノロジー,情報通信・サービスその他,E34975
7073,ジェイック,情報通信・サービスその他,E35187
7075,ＱＬＳホールディングス,情報通信・サービスその他,E35344
7077,ＡＬｉＮＫインターネット,情報通信・サービスその他,E35288
7078,ＩＮＣＬＵＳＩＶＥ　Ｈｏｌｄｉｎｇｓ,情報通信・サービスその他,E35341
7079,ＷＤＢココ,情報通信・サービスその他,E35335
7081,コーユーレンティア,情報通信・サービスその他,E35139
7082,ジモティー,情報通信・サービスその他,E35289
7084,Ｓｍｉｌｅ　Ｈｏｌｄｉｎｇｓ,情報通信・サービスその他,E35489
7087,ウイルテック,情報通信・サービスその他,E35470
7088,フォーラムエンジニアリング,情報通信・サービスその他,E35487
7089,フォースタートアップス,情報通信・サービスその他,E35483
7091,リビングプラットフォーム,情報通信・サービスその他,E35508
7092,Ｆａｓｔ　Ｆｉｔｎｅｓｓ　Ｊａｐａｎ,情報通信・サービスその他,E35318
7093,アディッシュ,情報通信・サービスその他,E35514
7094,ＮｅｘＴｏｎｅ,情報通信・サービスその他,E35562
7095,Ｍａｃｂｅｅ　Ｐｌａｎｅｔ,情報通信・サービスその他,E35534
7096,ステムセル研究所,情報通信・サービスその他,E35563
7102,日本車輌製造,自動車・輸送機,E02134
7105,三菱ロジスネクスト,自動車・輸送機,E02136
7111,ＩＮＥＳＴ,商社・卸売,E37831
7112,キューブ,小売,E37960
7114,フーディソン,商社・卸売,E38167
7115,アルファパーチェス,商社・卸売,E38118
7116,ダイワ通信,商社・卸売,E38202
7119,ハルメクホールディングス,小売,E38427
7122,近畿車輛,自動車・輸送機,E02138
7127,一家ホールディングス,小売,E36757
7128,フルサト・マルカホールディングス,商社・卸売,E36707
7129,ミアヘルサホールディングス,小売,E36714
7133,ＨＹＵＧＡ　ＰＲＩＭＡＲＹ　ＣＡＲＥ,小売,E37198
7134,アップガレージグループ,小売,E37143
7138,ＴＯＲＩＣＯ,小売,E37457
7157,ライフネット生命保険,金融（除く銀行）,E26327
7161,じもとホールディングス,銀行,E26686
7162,アストマックス,電力・ガス,E26813
7164,全国保証,金融（除く銀行）,E09753
7167,めぶきフィナンシャルグループ,銀行,E30103
7172,ジャパンインベストメントアドバイザー,金融（除く銀行）,E30841
7173,東京きらぼしフィナンシャルグループ,銀行,E30746
7175,今村証券,金融（除く銀行）,E30982
7177,ＧＭＯフィナンシャルホールディングス,金融（除く銀行）,E26815
7181,かんぽ生命保険,金融（除く銀行）,E31755
7182,ゆうちょ銀行,銀行,E31775
7183,あんしん保証,金融（除く銀行）,E31905
7184,富山第一銀行,銀行,E03646
7185,ヒロセ通商,金融（除く銀行）,E32109
7186,横浜フィナンシャルグループ,銀行,E32022
7187,ジェイリース,金融（除く銀行）,E32412
7189,西日本フィナンシャルホールディングス,銀行,E32447
7191,イントラスト,金融（除く銀行）,E32763
7192,日本モーゲージサービス,金融（除く銀行）,E32803
7196,Ｃａｓａ,金融（除く銀行）,E33485
7198,ＳＢＩアルヒ,金融（除く銀行）,E33625
7199,プレミアグループ,金融（除く銀行）,E33624
7201,日産自動車,自動車・輸送機,E02142
7202,いすゞ自動車,自動車・輸送機,E02143
7203,トヨタ自動車,自動車・輸送機,E02144
7205,日野自動車,自動車・輸送機,E02146
7208,カネミツ,自動車・輸送機,E02248
7211,三菱自動車工業,自動車・輸送機,E02213
7212,エフテック,自動車・輸送機,E02229
7213,レシップホールディングス,自動車・輸送機,E02105
7214,ＧＭＢ,自動車・輸送機,E02247
7215,ファルテック,自動車・輸送機,E02246
7217,テイン,自動車・輸送機,E02242
7218,田中精密工業,自動車・輸送機,E02241
7222,日産車体,自動車・輸送機,E02150
7224,新明和工業,自動車・輸送機,E02252
7226,極東開発工業,自動車・輸送機,E02170
7228,デイトナ,自動車・輸送機,E02877
7229,ユタカ技研,自動車・輸送機,E02236
7231,トピー工業,自動車・輸送機,E01230
7235,東京ラヂエーター製造,自動車・輸送機,E02158
7236,ティラド,自動車・輸送機,E02155
7238,曙ブレーキ工業,自動車・輸送機,E02161
7239,タチエス,自動車・輸送機,E02210
7241,フタバ産業,自動車・輸送機,E02195
7242,カヤバ,自動車・輸送機,E02147
7244,市光工業,電機・精密,E02177
7245,大同メタル工業,自動車・輸送機,E02175
7246,プレス工業,自動車・輸送機,E02154
7247,ミクニ,自動車・輸送機,E02172
7254,ユニバンス,自動車・輸送機,E02183
7255,桜井製作所,自動車・輸送機,E01644
7256,河西工業,自動車・輸送機,E02174
7259,アイシン,自動車・輸送機,E01593
7261,マツダ,自動車・輸送機,E02163
7264,ムロコーポレーション,自動車・輸送機,E02234
7266,今仙電機製作所,自動車・輸送機,E02231
7267,本田技研工業,自動車・輸送機,E02166
7269,スズキ,自動車・輸送機,E02167
7271,安永,自動車・輸送機,E02227
7272,ヤマハ発動機,自動車・輸送機,E02168
7273,イクヨ,自動車・輸送機,E02226
7276,小糸製作所,電機・精密,E02140
7277,ＴＢＫ,自動車・輸送機,E02201
7278,エクセディ,自動車・輸送機,E02203
7282,豊田合成,自動車・輸送機,E01108
7283,愛三工業,自動車・輸送機,E02162
7284,盟和産業,自動車・輸送機,E02387
7287,日本精機,自動車・輸送機,E02214
7291,日本プラスト,自動車・輸送機,E02216
7292,村上開明堂,自動車・輸送機,E02217
7294,ヨロズ,自動車・輸送機,E02219
7296,エフ・シー・シー,自動車・輸送機,E02221
7297,カーメイト,自動車・輸送機,E02223
7299,フジオーゼックス,自動車・輸送機,E02225
7305,新家工業,鉄鋼・非鉄,E02258
7309,シマノ,自動車・輸送機,E02257
7313,テイ・エス　テック,自動車・輸送機,E02380
7314,小田原機器,自動車・輸送機,E22554
7317,松屋アールアンドディ,自動車・輸送機,E35560
7318,セレンディップ・ホールディングス,自動車・輸送機,E36657
7322,三十三フィナンシャルグループ,銀行,E33693
7326,ＳＢＩインシュアランスグループ,金融（除く銀行）,E33840
7327,第四北越フィナンシャルグループ,銀行,E34113
7337,ひろぎんホールディングス,銀行,E35810
7343,ブロードマインド,金融（除く銀行）,E36406
7345,アイ・パートナーズフィナンシャル,金融（除く銀行）,E34851
7347,マーキュリアホールディングス,金融（除く銀行）,E36498
7353,ＫＩＹＯラーニング,情報通信・サービスその他,E35790
7354,ダイレクトマーケティングミックス,情報通信・サービスその他,E35931
7357,ジオコード,情報通信・サービスその他,E36078
7358,ポピンズ,情報通信・サービスその他,E35908
7359,東京通信グループ,情報通信・サービスその他,E36173
7362,Ｔ．Ｓ．Ｉ,情報通信・サービスその他,E36353
7363,ベビーカレンダー,情報通信・サービスその他,E36431
7366,ＬＩＴＡＬＩＣＯ,情報通信・サービスその他,E36134
7367,セルム,情報通信・サービスその他,E35610
7368,表示灯,情報通信・サービスその他,E36464
7374,コンフィデンス・インターワークス,情報通信・サービスその他,E36367
7381,ＣＣＩグループ,銀行,E36700
7383,ネットプロテクションズホールディングス,金融（除く銀行）,E37194
7384,プロクレアホールディングス,銀行,E37412
7389,あいちフィナンシャルグループ,銀行,E37781
7399,ナンシン,自動車・輸送機,E02447
7412,アトム,小売,E03231
7413,創健社,商社・卸売,E02791
7414,小野建,商社・卸売,E01324
7416,はるやまホールディングス,小売,E03233
7417,南陽,商社・卸売,E02792
7419,ノジマ,小売,E03235
7421,カッパ・クリエイト,小売,E03236
7422,東邦レマック,商社・卸売,E02794
7425,初穂商事,商社・卸売,E02797
7426,山大,商社・卸売,E02798
7427,エコートレーディング,商社・卸売,E02801
7433,伯東,商社・卸売,E02802
7435,ナ・デックス,商社・卸売,E02011
7438,コンドーテック,商社・卸売,E02804
7442,中山福,商社・卸売,E02805
7443,横浜魚類,商社・卸売,E02806
7444,ハリマ共和物産,商社・卸売,E02807
7455,パリミキホールディングス,小売,E03249
7456,松田産業,商社・卸売,E02821
7458,第一興商,商社・卸売,E02824
7459,メディパルホールディングス,商社・卸売,E02632
7461,キムラ,商社・卸売,E02823
7462,ＣＡＰＩＴＡ,小売,E03252
7463,アドヴァングループ,小売,E02826
7464,セフテック,商社・卸売,E03251
7466,ＳＰＫ,商社・卸売,E02827
7467,萩原電気ホールディングス,商社・卸売,E02828
7472,鳥羽洋行,商社・卸売,E02833
7475,アルビス,小売,E02832
7476,アズワン,商社・卸売,E02835
7477,ムラキ,商社・卸売,E02836
7481,尾家産業,商社・卸売,E02837
7482,シモジマ,商社・卸売,E02839
7483,ドウシシャ,商社・卸売,E02840
7486,サンリン,商社・卸売,E02841
7502,プラザホールディングス,情報通信・サービスその他,E04960
7504,高速,商社・卸売,E02850
7506,ハウス　オブ　ローゼ,小売,E03266
7508,Ｇ‐７ホールディングス,小売,E03267
7509,アイエーグループ,小売,E03269
7512,イオン北海道,小売,E03268
7515,マルヨシセンター,小売,E03272
7516,コーナン商事,小売,E03273
7521,ムサシ,商社・卸売,E02855
7522,ワタミ,小売,E03275
7523,アールビバン,小売,E03276
7524,マルシェ,小売,E03278
7525,リックス,商社・卸売,E02856
7531,清和中央ホールディングス,商社・卸売,E02861
7537,丸文,商社・卸売,E02864
7538,大水,商社・卸売,E02818
7544,スリーエフ,小売,E03286
7545,西松屋チェーン,小売,E03287
7551,ウェッズ,自動車・輸送機,E02870
7552,ハピネット,商社・卸売,E02869
7554,幸楽苑,小売,E03293
7555,大田花き,商社・卸売,E02871
7561,ハークスレイ,小売,E03294
7562,安楽亭,小売,E03295
7564,ワークマン,小売,E03296
7565,萬世電機,商社・卸売,E02875
7567,栄電子,商社・卸売,E02878
7571,ヤマノホールディングス,小売,E03299
7575,日本ライフライン,商社・卸売,E02881
7578,ニチリョク,小売,E03304
7593,ＶＴホールディングス,小売,E02889
7595,アルゴグラフィックス,情報通信・サービスその他,E05018
7596,魚力,小売,E03310
7599,ＩＤＯＭ,商社・卸売,E02892
7601,ポプラ,小売,E03312
7602,レダックス,商社・卸売,E02895
7603,ジーイエット,小売,E03313
7604,梅の花グループ,小売,E03314
7606,ユナイテッドアローズ,小売,E03316
7608,エスケイジャパン,商社・卸売,E02897
7609,ダイトロン,商社・卸売,E02898
7611,ハイデイ日高,小売,E03318
7613,シークス,商社・卸売,E02900
7614,オーエムツーネットワーク,小売,E03317
7615,京都きもの友禅ホールディングス,小売,E03320
7616,コロワイド,小売,E03321
7619,田中商事,商社・卸売,E02902
7621,うかい,小売,E03324
7624,ＮａＩＴＯ,商社・卸売,E02903
7625,グローバルダイニング,小売,E03327
7628,オーハシテクニカ,商社・卸売,E02905
7634,星医療酸器,商社・卸売,E03330
7635,杉田エース,商社・卸売,E02910
7637,白銅,商社・卸売,E03332
7638,ＮＥＷ　ＡＲＴ　ＨＯＬＤＩＮＧＳ,小売,E03333
7649,スギホールディングス,小売,E03344
7674,ＮＡＴＴＹ　ＳＷＡＮＫＹホールディングス,小売,E34747
7677,ヤシマキザイ,商社・卸売,E34499
7678,あさくま,小売,E34704
7679,薬王堂ホールディングス,小売,E34943
7683,ダブルエー,小売,E35170
7685,ＢｕｙＳｅｌｌ　Ｔｅｃｈｎｏｌｏｇｉｅｓ,商社・卸売,E35116
7686,ひとまいる,小売,E35334
7687,ミクリード,商社・卸売,E35491
7689,コパ・コーポレーション,商社・卸売,E35554
7694,いつも,小売,E36123
7695,交換できるくん,小売,E35766
7698,アイスコ,商社・卸売,E36435
7701,島津製作所,電機・精密,E02265
7702,ＪＭＳ,電機・精密,E02303
7709,クボテック,電機・精密,E02337
7715,長野計器,電機・精密,E02329
7716,ナカニシ,電機・精密,E02331
7717,ブイ・テクノロジー,電機・精密,E02334
7718,スター精密,機械,E02302
7719,東京衡機,電機・精密,E01587
7721,東京計器,電機・精密,E02266
7722,国際計測器,電機・精密,E02335
7723,愛知時計電機,電機・精密,E02267
7726,黒田精工,機械,E02269
7727,オーバル,電機・精密,E02270
7729,東京精密,電機・精密,E02289
7731,ニコン,電機・精密,E02271
7732,トプコン,電機・精密,E02299
7733,オリンパス,電機・精密,E02272
7734,理研計器,電機・精密,E02285
7735,ＳＣＲＥＥＮホールディングス,電機・精密,E02288
7739,キヤノン電子,電機・精密,E02301
7741,ＨＯＹＡ,電機・精密,E01124
7743,シード,電機・精密,E02414
7744,ノーリツ鋼機,電機・精密,E02322
7745,Ａ＆Ｄホロンホールディングス,電機・精密,E02344
7746,岡本硝子,電機・精密,E01221
7749,メディキット,電機・精密,E02354
7751,キヤノン,電機・精密,E02274
7752,リコー,電機・精密,E02275
7762,シチズン時計,電機・精密,E02281
7769,リズム,電機・精密,E02294
7771,日本精密,電機・精密,E02325
7774,ジャパン・ティッシュエンジニアリング,電機・精密,E02357
7775,大研医器,電機・精密,E22509
7776,セルシード,電機・精密,E24158
7777,スリー・ディー・マトリックス,電機・精密,E25884
7779,ＣＹＢＥＲＤＹＮＥ,電機・精密,E30118
7782,シンシア,電機・精密,E32784
7791,ドリームベッド,情報通信・サービスその他,E36627
7793,イメージ・マジック,情報通信・サービスその他,E37419
7794,イーディーピー,情報通信・サービスその他,E37709
7795,ＫＹＯＲＩＴＳＵ,情報通信・サービスその他,E37814
7807,幸和製作所,情報通信・サービスその他,E33491
7811,中本パックス,情報通信・サービスその他,E31924
7814,日本創発グループ,情報通信・サービスその他,E30930
7815,東京ボード工業,情報通信・サービスその他,E31123
7817,パラマウントベッドホールディングス,情報通信・サービスその他,E25664
7822,永大産業,情報通信・サービスその他,E00631
7823,アートネイチャー,情報通信・サービスその他,E03493
7832,バンダイナムコホールディングス,情報通信・サービスその他,E02481
7833,アイフィスジャパン,情報通信・サービスその他,E05512
7836,アビックス,情報通信・サービスその他,E02096
7837,アールシーコア,情報通信・サービスその他,E02980
7841,遠藤製作所,情報通信・サービスその他,E01459
7844,マーベラス,情報通信・サービスその他,E02467
7846,パイロットコーポレーション,情報通信・サービスその他,E02466
7847,グラファイトデザイン,情報通信・サービスその他,E02464
7849,スターツ出版,情報通信・サービスその他,E00736
7851,カワセコンピュータサプライ,情報通信・サービスその他,E02459
7857,セキ,情報通信・サービスその他,E00730
7859,アルメディオ,情報通信・サービスその他,E02046
7863,平賀,情報通信・サービスその他,E00734
7864,フジシールインターナショナル,情報通信・サービスその他,E00725
7865,ピープル,情報通信・サービスその他,E02882
7867,タカラトミー,情報通信・サービスその他,E02450
7868,広済堂ホールディングス,情報通信・サービスその他,E00724
7871,フクビ化学工業,素材・化学,E00829
7872,エステールホールディングス,情報通信・サービスその他,E03281
7874,レック,素材・化学,E02444
7875,竹田ｉＰホールディングス,情報通信・サービスその他,E00720
7877,永大化工,素材・化学,E02441
7878,光・彩,情報通信・サービスその他,E02439
7883,サンメッセ,情報通信・サービスその他,E00719
7885,タカノ,情報通信・サービスその他,E02435
7886,ヤマト　モビリティ　＆　Ｍｆｇ．,素材・化学,E00867
7887,南海プライウッド,情報通信・サービスその他,E00635
7893,プロネクサス,情報通信・サービスその他,E00716
7896,セブン工業,情報通信・サービスその他,E00633
7897,ホクシン,情報通信・サービスその他,E00632
7898,ウッドワン,情報通信・サービスその他,E00630
7901,マツモト,情報通信・サービスその他,E00715
7902,ソノコム,情報通信・サービスその他,E02428
7906,ヨネックス,情報通信・サービスその他,E02427
7908,きもと,素材・化学,E02425
7911,ＴＯＰＰＡＮホールディングス,情報通信・サービスその他,E00692
7912,大日本印刷,情報通信・サービスその他,E00693
7914,共同印刷,情報通信・サービスその他,E00695
7915,ＮＩＳＳＨＡ,情報通信・サービスその他,E00703
7916,光村印刷,情報通信・サービスその他,E00696
7917,ＺＡＣＲＯＳ,素材・化学,E02423
7918,ヴィア・ホールディングス,小売,E00705
7919,野崎印刷紙業,情報通信・サービスその他,E00652
7922,三光産業,情報通信・サービスその他,E00712
7923,トーイン,情報通信・サービスその他,E00713
7925,前澤化成工業,素材・化学,E00861
7927,ムトー精工,素材・化学,E01032
7931,未来工業,素材・化学,E02002
7932,ニッピ,情報通信・サービスその他,E01120
7936,アシックス,情報通信・サービスその他,E02378
7937,ツツミ,情報通信・サービスその他,E03180
7938,リーガルコーポレーション,情報通信・サービスその他,E01118
7939,研創,情報通信・サービスその他,E01428
7942,ＪＳＰ,素材・化学,E00858
7943,ニチハ,建設・資材,E02415
7944,ローランド,情報通信・サービスその他,E01834
7946,光陽社,情報通信・サービスその他,E00711
7947,エフピコ,素材・化学,E02412
7949,小松ウオール工業,情報通信・サービスその他,E02408
7951,ヤマハ,情報通信・サービスその他,E02362
7952,河合楽器製作所,情報通信・サービスその他,E02363
7953,菊水化学工業,情報通信・サービスその他,E00912
7955,クリナップ,情報通信・サービスその他,E02406
7956,ピジョン,情報通信・サービスその他,E02404
7957,フジコピアン,情報通信・サービスその他,E02402
7963,興研,情報通信・サービスその他,E02396
7966,リンテック,情報通信・サービスその他,E02394
7971,東リ,素材・化学,E00995
7972,イトーキ,情報通信・サービスその他,E02371
7974,任天堂,情報通信・サービスその他,E02367
7975,リヒトラブ,情報通信・サービスその他,E00667
7976,三菱鉛筆,情報通信・サービスその他,E02366
7979,松風,電機・精密,E01183
7981,タカラスタンダード,情報通信・サービスその他,E02373
7984,コクヨ,情報通信・サービスその他,E00670
7985,ネポン,建設・資材,E02385
7986,日本アイ・エス・ケイ,情報通信・サービスその他,E01656
7987,ナカバヤシ,情報通信・サービスその他,E00679
7988,ニフコ,素材・化学,E02386
7989,立川ブラインド工業,建設・資材,E02389
7991,マミヤ・オーピー,機械,E02377
7992,セーラー万年筆,情報通信・サービスその他,E02365
7994,オカムラ,情報通信・サービスその他,E02369
7995,バルカー,素材・化学,E01164
7999,ＭＵＴＯＨホールディングス,電機・精密,E02305
8001,伊藤忠商事,商社・卸売,E02497
8002,丸紅,商社・卸売,E02498
8005,スクロール,小売,E03054
8006,ユアサ・フナショク,商社・卸売,E00456
8007,高島,商社・卸売,E02501
8008,ヨンドシーホールディングス,小売,E02621
8011,三陽商会,素材・化学,E00593
8012,長瀬産業,商社・卸売,E02552
8013,ナイガイ,素材・化学,E00571
8014,蝶理,商社・卸売,E02509
8015,豊田通商,商社・卸売,E02505
8016,オンワードホールディングス,素材・化学,E02521
8018,三共生興,商社・卸売,E02534
8022,美津濃,情報通信・サービスその他,E03036
8023,ＤＡＩＫＯ　ＸＴＥＣＨ,情報通信・サービスその他,E02683
8025,ツカモトコーポレーション,商社・卸売,E02588
8029,ルックホールディングス,素材・化学,E00604
8031,三井物産,商社・卸売,E02513
8032,日本紙パルプ商事,商社・卸売,E02510
8035,東京エレクトロン,電機・精密,E02652
8037,カメイ,商社・卸売,E02682
8039,築地魚市場,商社・卸売,E02571
8041,ＯＵＧホールディングス,商社・卸売,E02530
8043,スターゼン,商社・卸売,E02574
8045,横浜丸魚,商社・卸売,E02615
8046,丸藤シートパイル,商社・卸売,E02616
8051,山善,商社・卸売,E02560
8052,椿本興業,商社・卸売,E02572
8053,住友商事,商社・卸売,E02528
8056,ＢＩＰＲＯＧＹ,情報通信・サービスその他,E02611
8058,三菱商事,商社・卸売,E02529
8059,第一実業,商社・卸売,E02578
8061,西華産業,商社・卸売,E02512
8065,佐藤商事,商社・卸売,E02535
8066,三谷商事,商社・卸売,E02602
8074,ユアサ商事,商社・卸売,E02525
8075,神鋼商事,商社・卸売,E02522
8076,カノークス,商社・卸売,E02561
8078,阪和興業,商社・卸売,E02554
8081,カナデン,商社・卸売,E02580
8084,ＲＹＯＤＥＮ,商社・卸売,E02518
8085,ナラサキ産業,商社・卸売,E02579
8086,ニプロ,電機・精密,E02688
8088,岩谷産業,商社・卸売,E02567
8089,ナイス,商社・卸売,E02584
8091,ニチモウ,商社・卸売,E00570
8093,極東貿易,商社・卸売,E02503
8097,三愛オブリ,商社・卸売,E04331
8098,稲畑産業,商社・卸売,E02517
8101,ＧＳＩクレオス,商社・卸売,E02549
8103,明和産業,商社・卸売,E02563
8104,クワザワホールディングス,商社・卸売,E02610
8105,Ｂｉｔｃｏｉｎ　Ｊａｐａｎ,商社・卸売,E02627
8107,キムラタン,素材・化学,E02628
8111,ゴールドウイン,素材・化学,E00603
8113,ユニ・チャーム,素材・化学,E00678
8115,ムーンバット,商社・卸売,E02639
8117,中央自動車工業,商社・卸売,E02642
8118,キング,素材・化学,E02645
8119,三栄コーポレーション,商社・卸売,E02647
8123,川辺,商社・卸売,E02650
8125,ワキタ,商社・卸売,E02618
8129,東邦ホールディングス,商社・卸売,E02608
8131,ミツウロコグループホールディングス,商社・卸売,E01074
8132,シナネンホールディングス,商社・卸売,E01075
8133,伊藤忠エネクス,商社・卸売,E02643
8135,ゼット,商社・卸売,E03076
8136,サンリオ,商社・卸売,E02655
8137,サンワテクノス,商社・卸売,E02656
8138,三京化成,商社・卸売,E02658
8139,ナガホリ,商社・卸売,E02660
8141,新光商事,商社・卸売,E02664
8142,トーホー,商社・卸売,E02665
8143,ラピーヌ,素材・化学,E00605
8144,デンキョーグループホールディングス,商社・卸売,E02666
8147,トミタ,商社・卸売,E02668
8152,ソマール,商社・卸売,E02673
8153,モスフードサービス,商社・卸売,E02675
8154,加賀電子,商社・卸売,E02676
8157,都築電気,情報通信・サービスその他,E00157
8158,ソーダニッカ,商社・卸売,E02635
8159,立花エレテック,商社・卸売,E02678
8163,ＳＲＳホールディングス,小売,E03090
8165,千趣会,小売,E03092
8166,タカキュー,小売,E03093
8167,リテールパートナーズ,小売,E03094
8173,上新電機,小売,E03052
8174,日本瓦斯,小売,E03051
8179,ロイヤルホールディングス,小売,E04783
8181,東天紅,小売,E04784
8185,チヨダ,小売,E03077
8194,ライフコーポレーション,小売,E03083
8198,マックスバリュ東海,小売,E03087
8202,ラオックスホールディングス,小売,E03101
8203,ＭｒＭａｘＨＤ,小売,E03103
8207,テンアライド,小売,E03108
8209,フレンドリー,小売,E03110
8214,ＡＯＫＩホールディングス,小売,E03116
8217,オークワ,小売,E03119
8218,コメリ,小売,E03120
8219,青山商事,小売,E03124
8225,タカチホ,商社・卸売,E02787
8226,理経,商社・卸売,E02699
8227,しまむら,小売,E03137
8233,高島屋,小売,E03013
8237,松屋,小売,E03017
8242,エイチ・ツー・オー　リテイリング,小売,E03020
8244,近鉄百貨店,小売,E03021
8247,大和,小売,E03025
8252,丸井グループ,小売,E03040
8253,クレディセゾン,金融（除く銀行）,E03041
8254,さいか屋,小売,E03044
8255,アクシアル　リテイリング,小売,E03133
8267,イオン,小売,E03061
8273,イズミ,小売,E03068
8275,フォーバル,商社・卸売,E02693
8276,平和堂,小売,E03081
8278,フジ,小売,E03118
8281,ゼビオホールディングス,小売,E03129
8282,ケーズホールディングス,小売,E03128
8283,ＰＡＬＴＡＣ,商社・卸売,E02691
8285,三谷産業,商社・卸売,E02692
8289,Ｏｌｙｍｐｉｃグループ,小売,E03132
8291,日産東京販売ホールディングス,小売,E02544
8304,あおぞら銀行,銀行,E03531
8306,三菱ＵＦＪフィナンシャル・グループ,銀行,E03606
8308,りそなホールディングス,銀行,E03610
8309,三井住友トラストグループ,銀行,E03611
8316,三井住友フィナンシャルグループ,銀行,E03614
8331,千葉銀行,銀行,E03556
8334,群馬銀行,銀行,E03554
8336,武蔵野銀行,銀行,E03555
8337,千葉興業銀行,銀行,E03557
8338,筑波銀行,銀行,E03552
8341,七十七銀行,銀行,E03545
8343,秋田銀行,銀行,E03546
8344,山形銀行,銀行,E03549
8345,岩手銀行,銀行,E03543
8346,東邦銀行,銀行,E03550
8349,東北銀行,銀行,E03544
8354,ふくおかフィナンシャルグループ,銀行,E03624
8358,スルガ銀行,銀行,E03571
8359,八十二銀行,銀行,E03563
8361,大垣共立銀行,銀行,E03568
8362,福井銀行,銀行,E03567
8364,清水銀行,銀行,E03572
8365,富山銀行,銀行,E03565
8366,滋賀銀行,銀行,E03575
8367,南都銀行,銀行,E03580
8368,百五銀行,銀行,E03574
8377,ほくほくフィナンシャルグループ,銀行,E03618
8381,山陰合同銀行,銀行,E03583
8383,鳥取銀行,銀行,E03582
8386,百十四銀行,銀行,E03588
8387,四国銀行,銀行,E03590
8388,阿波銀行,銀行,E03587
8392,大分銀行,銀行,E03596
8393,宮崎銀行,銀行,E03597
8395,佐賀銀行,銀行,E03599
8399,琉球銀行,銀行,E03602
8411,みずほフィナンシャルグループ,銀行,E03615
8416,高知銀行,銀行,E03664
8418,山口フィナンシャルグループ,銀行,E03622
8424,芙蓉総合リース,金融（除く銀行）,E05438
8425,みずほリース,金融（除く銀行）,E05426
8439,東京センチュリー,金融（除く銀行）,E05346
8473,ＳＢＩホールディングス,金融（除く銀行）,E05159
8508,Ｊトラスト,金融（除く銀行）,E03724
8511,日本証券金融,金融（除く銀行）,E03688
8515,アイフル,金融（除く銀行）,E03721
8518,日本アジア投資,金融（除く銀行）,E03695
8522,名古屋銀行,銀行,E03652
8524,北洋銀行,銀行,E03632
8537,大光銀行,銀行,E03645
8541,愛媛銀行,銀行,E03663
8542,トマト銀行,銀行,E03678
8544,京葉銀行,銀行,E03641
8551,北日本銀行,銀行,E03634
8558,東和銀行,銀行,E03640
8562,福島銀行,銀行,E03637
8563,大東銀行,銀行,E03674
8566,リコーリース,金融（除く銀行）,E04946
8572,アコム,金融（除く銀行）,E03693
8584,ジャックス,金融（除く銀行）,E04768
8585,オリエントコーポレーション,金融（除く銀行）,E04775
8591,オリックス,金融（除く銀行）,E04762
8593,三菱ＨＣキャピタル,金融（除く銀行）,E04788
8595,ジャフコ　グループ,金融（除く銀行）,E04806
8596,九州リースサービス,金融（除く銀行）,E04821
8601,大和証券グループ本社,金融（除く銀行）,E03753
8604,野村ホールディングス,金融（除く銀行）,E03752
8609,岡三証券グループ,金融（除く銀行）,E03756
8613,丸三証券,金融（除く銀行）,E03760
8614,東洋証券,金融（除く銀行）,E03768
8616,東海東京フィナンシャル・ホールディングス,金融（除く銀行）,E03764
8617,光世証券,金融（除く銀行）,E03793
8622,水戸証券,金融（除く銀行）,E03762
8624,いちよし証券,金融（除く銀行）,E03772
8628,松井証券,金融（除く銀行）,E03807
8697,日本取引所グループ,金融（除く銀行）,E03814
8698,マネックスグループ,金融（除く銀行）,E03815
8699,ＨＳホールディングス,金融（除く銀行）,E03770
8704,トレイダーズホールディングス,金融（除く銀行）,E03819
8705,日産証券グループ,金融（除く銀行）,E03739
8706,極東証券,金融（除く銀行）,E03784
8707,岩井コスモホールディングス,金融（除く銀行）,E03788
8708,アイザワ証券グループ,金融（除く銀行）,E03763
8713,フィデアホールディングス,銀行,E23187
8714,池田泉州ホールディングス,銀行,E23250
8715,アニコム　ホールディングス,金融（除く銀行）,E24073
8725,ＭＳ＆ＡＤインシュアランスグループホールディングス,金融（除く銀行）,E03854
8729,ソニーフィナンシャルグループ,金融（除く銀行）,E05714
8737,あかつき本社,金融（除く銀行）,E03733
8739,スパークス・グループ,金融（除く銀行）,E05242
8742,小林洋行,金融（除く銀行）,E03723
8746,ｕｎｂａｎｋｅｄ,金融（除く銀行）,E03717
8747,豊トラスティ証券,金融（除く銀行）,E03716
8766,東京海上ホールディングス,金融（除く銀行）,E03847
8769,アドバンテッジリスクマネジメント,情報通信・サービスその他,E05648
8771,イー・ギャランティ,金融（除く銀行）,E05665
8772,アサックス,金融（除く銀行）,E03746
8783,ａｂｃ,金融（除く銀行）,E03740
8793,ＮＥＣキャピタルソリューション,金融（除く銀行）,E05462
8795,Ｔ＆Ｄホールディングス,金融（除く銀行）,E03851
8801,三井不動産,不動産,E03855
8802,三菱地所,不動産,E03856
8803,平和不動産,不動産,E03858
8804,東京建物,不動産,E03859
8818,京阪神ビルディング,不動産,E03867
8835,太平洋興発,商社・卸売,E00034
8836,ＲＩＳＥ,不動産,E00165
8841,テーオーシー,不動産,E00926
8844,コスモスイニシア,不動産,E03938
8848,レオパレス２１,不動産,E03943
8864,空港施設,不動産,E03958
8869,明和地所,不動産,E03967
8871,ゴールドクレスト,不動産,E03971
8876,リログループ,情報通信・サービスその他,E05047
8877,エスリード,不動産,E03977
8881,日神グループホールディングス,不動産,E03984
8891,ＡＭＧホールディングス,不動産,E03991
8892,エスコン,不動産,E03992
8897,ＭＩＲＡＲＴＨホールディングス,不動産,E03997
8898,センチュリー２１・ジャパン,不動産,E05238
8914,エリアリンク,不動産,E04011
8918,ランド,不動産,E04015
8919,カチタス,不動産,E33622
8929,青山財産ネットワークス,不動産,E05407
8931,和田興産,不動産,E04029
8934,サンフロンティア不動産,不動産,E04031
8935,ＦＪネクストホールディングス,不動産,E04032
8938,グローム・ホールディングス,不動産,E04034
8946,ＡＳＩＡＮ　ＳＴＡＲ,不動産,E04039
8995,誠建設工業,不動産,E04049
8996,ハウスフリーダム,不動産,E04048
8999,グランディハウス,不動産,E04044
9001,東武鉄道,運輸・物流,E04094
9003,相鉄ホールディングス,運輸・物流,E04097
9005,東急,運輸・物流,E04090
9006,京浜急行電鉄,運輸・物流,E04089
9007,小田急電鉄,運輸・物流,E04088
9008,京王電鉄,運輸・物流,E04092
9009,京成電鉄,運輸・物流,E04091
9012,秩父鉄道,運輸・物流,E04136
9017,新潟交通,運輸・物流,E04155
9021,西日本旅客鉄道,運輸・物流,E04148
9022,東海旅客鉄道,運輸・物流,E04149
9023,東京地下鉄,運輸・物流,E04153
9024,西武ホールディングス,運輸・物流,E04154
9025,鴻池運輸,運輸・物流,E04341
9029,ヒガシホールディングス,運輸・物流,E04228
9031,西日本鉄道,運輸・物流,E04110
9033,広島電鉄,運輸・物流,E04123
9034,南総通運,運輸・物流,E04223
9036,東部ネットワーク,運輸・物流,E04221
9037,ハマキョウレックス,運輸・物流,E04220
9039,サカイ引越センター,運輸・物流,E04218
9041,近鉄グループホールディングス,運輸・物流,E04102
9042,阪急阪神ホールディングス,運輸・物流,E04103
9044,南海電気鉄道,運輸・物流,E04106
9045,京阪ホールディングス,運輸・物流,E04105
9046,神戸電鉄,運輸・物流,E04109
9048,名古屋鉄道,運輸・物流,E04101
9049,京福電気鉄道,運輸・物流,E04108
9051,センコン物流,運輸・物流,E04215
9052,山陽電気鉄道,運輸・物流,E04125
9057,遠州トラック,運輸・物流,E04209
9059,カンダホールディングス,運輸・物流,E04194
9063,岡山県貨物運送,運輸・物流,E04195
9064,ヤマトホールディングス,運輸・物流,E04187
9065,山九,運輸・物流,E04324
9067,丸運,運輸・物流,E04182
9068,丸全昭和運輸,運輸・物流,E04178
9069,センコーグループホールディングス,運輸・物流,E04179
9072,ニッコンホールディングス,運輸・物流,E04191
9073,京極運輸商事,運輸・物流,E04197
9074,日本石油輸送,運輸・物流,E04327
9075,福山通運,運輸・物流,E04334
9076,セイノーホールディングス,運輸・物流,E04198
9081,神奈川中央交通,運輸・物流,E04158
9082,大和自動車交通,運輸・物流,E04159
9083,神姫バス,運輸・物流,E04160
9087,タカセ,運輸・物流,E04354
9101,日本郵船,運輸・物流,E04235
9104,商船三井,運輸・物流,E04236
9107,川崎汽船,運輸・物流,E04237
9115,明海グループ,運輸・物流,E04242
9119,飯野海運,運輸・物流,E04243
9127,玉井商船,運輸・物流,E04246
9142,九州旅客鉄道,運輸・物流,E32679
9143,ＳＧホールディングス,運輸・物流,E32292
9145,ビーイングホールディングス,運輸・物流,E36140
9147,ＮＩＰＰＯＮ　ＥＸＰＲＥＳＳホールディングス,運輸・物流,E36706
9158,シーユーシー,情報通信・サービスその他,E37214
9166,ＧＥＮＤＡ,情報通信・サービスその他,E38739
9168,ライズ・コンサルティング・グループ,情報通信・サービスその他,E38895
9171,栗林商船,運輸・物流,E04254
9173,東海汽船,運輸・物流,E04256
9193,東京汽船,運輸・物流,E04336
9201,日本航空,運輸・物流,E04272
9202,ＡＮＡホールディングス,運輸・物流,E04273
9204,スカイマーク,運輸・物流,E38082
9206,スターフライヤー,運輸・物流,E26084
9211,エフ・コード,情報通信・サービスその他,E37176
9213,セイファート,情報通信・サービスその他,E37304
9214,Ｒｅｃｏｖｅｒｙ　Ｉｎｔｅｒｎａｔｉｏｎａｌ,情報通信・サービスその他,E37292
9218,メンタルヘルステクノロジーズ,情報通信・サービスその他,E37508
9221,フルハシＥＰＯ,情報通信・サービスその他,E37560
9223,ＡＳＮＯＶＡ,情報通信・サービスその他,E35797
9227,マイクロ波化学,情報通信・サービスその他,E37740
9229,サンウェルズ,情報通信・サービスその他,E37719
9238,バリュークリエーション,情報通信・サービスその他,E39089
9245,リベロ,情報通信・サービスその他,E36883
9246,プロジェクトホールディングス,情報通信・サービスその他,E36896
9247,ＴＲＥホールディングス,情報通信・サービスその他,E36751
9253,スローガン,情報通信・サービスその他,E37006
9254,ラバブルマーケティンググループ,情報通信・サービスその他,E37159
9256,サクシード,情報通信・サービスその他,E37221
9268,オプティマスグループ,商社・卸売,E33616
9271,和心,小売,E33858
9272,ブティックス,情報通信・サービスその他,E33882
9274,ＫＰＰグループホールディングス,商社・卸売,E02516
9301,三菱倉庫,運輸・物流,E04283
9302,三井倉庫ホールディングス,運輸・物流,E04284
9303,住友倉庫,運輸・物流,E04285
9304,澁澤倉庫,運輸・物流,E04286
9305,ヤマタネ,商社・卸売,E04291
9306,東陽倉庫,運輸・物流,E04287
9307,杉村倉庫,運輸・物流,E04294
9308,乾汽船,運輸・物流,E04288
9311,アサガミ,運輸・物流,E04323
9312,ケイヒン,運輸・物流,E04293
9319,中央倉庫,運輸・物流,E04304
9322,川西倉庫,運輸・物流,E04317
9324,安田倉庫,運輸・物流,E04290
9325,ファイズホールディングス,運輸・物流,E32990
9326,関通,運輸・物流,E35493
9327,イー・ロジット,運輸・物流,E36405
9332,ＮＩＳＳＯホールディングス,情報通信・サービスその他,E38723
9336,大栄環境,情報通信・サービスその他,E38148
9337,トリドリ,情報通信・サービスその他,E38162
9338,ＩＮＦＯＲＩＣＨ,情報通信・サービスその他,E38192
9339,コーチ・エィ,情報通信・サービスその他,E38178
9341,ＧＥＮＯＶＡ,情報通信・サービスその他,E38215
9343,アイビス,情報通信・サービスその他,E38440
9345,ビズメイツ,情報通信・サービスその他,E38450
9347,日本管財ホールディングス,情報通信・サービスその他,E37788
9348,ｉｓｐａｃｅ,情報通信・サービスその他,E37584
9351,東洋埠頭,運輸・物流,E04321
9353,櫻島埠頭,運輸・物流,E04322
9355,リンコーコーポレーション,運輸・物流,E04326
9362,兵機海運,運輸・物流,E04342
9363,大運,運輸・物流,E04247
9364,上組,運輸・物流,E04345
9365,トレーディア,運輸・物流,E04346
9366,サンリツ,運輸・物流,E04353
9367,大東港運,運輸・物流,E04356
9368,キムラユニティー,運輸・物流,E04357
9381,エーアイテイー,運輸・物流,E04369
9385,ショーエイコーポレーション,素材・化学,E21815
9401,ＴＢＳホールディングス,情報通信・サービスその他,E04375
9404,日本テレビホールディングス,情報通信・サービスその他,E04410
9405,朝日放送グループホールディングス,情報通信・サービスその他,E04380
9408,ＢＳＮメディアホールディングス,情報通信・サービスその他,E04399
9409,テレビ朝日ホールディングス,情報通信・サービスその他,E04414
9412,スカパーＪＳＡＴホールディングス,情報通信・サービスその他,E04497
9413,テレビ東京ホールディングス,情報通信・サービスその他,E24545
9416,ビジョン,情報通信・サービスその他,E30010
9419,ワイヤレスゲート,情報通信・サービスその他,E26675
9423,フォーバル・リアルストレート,情報通信・サービスその他,E05528
9424,日本通信,情報通信・サービスその他,E04473
9425,ＲｅＹｕｕ　Ｊａｐａｎ,情報通信・サービスその他,E05481
9428,クロップス,情報通信・サービスその他,E05504
9432,ＮＴＴ,情報通信・サービスその他,E04430
9433,ＫＤＤＩ,情報通信・サービスその他,E04425
9434,ソフトバンク,情報通信・サービスその他,E04426
9435,光通信,情報通信・サービスその他,E04948
9436,沖縄セルラー電話,情報通信・サービスその他,E04460
9441,ベルパーク,情報通信・サービスその他,E03342
9444,トーシンホールディングス,情報通信・サービスその他,E05137
9445,フォーバルテレコム,情報通信・サービスその他,E04476
9449,ＧＭＯインターネットグループ,情報通信・サービスその他,E05041
9466,アイドママーケティングコミュニケーション,情報通信・サービスその他,E32198
9467,アルファポリス,情報通信・サービスその他,E30908
9468,ＫＡＤＯＫＡＷＡ,情報通信・サービスその他,E30731
9474,ゼンリン,情報通信・サービスその他,E00717
9475,昭文社ホールディングス,情報通信・サービスその他,E00721
9478,ＳＥホールディングス・アンド・インキュベーションズ,情報通信・サービスその他,E00728
9501,東京電力ホールディングス,電力・ガス,E04498
9502,中部電力,電力・ガス,E04502
9503,関西電力,電力・ガス,E04499
9504,中国電力,電力・ガス,E04504
9505,北陸電力,電力・ガス,E04503
9506,東北電力,電力・ガス,E04501
9507,四国電力,電力・ガス,E04505
9508,九州電力,電力・ガス,E04506
9509,北海道電力,電力・ガス,E04500
9511,沖縄電力,電力・ガス,E04509
9513,電源開発,電力・ガス,E04510
9517,イーレックス,電力・ガス,E31065
9519,レノバ,電力・ガス,E32967
9531,東京瓦斯,電力・ガス,E04514
9532,大阪瓦斯,電力・ガス,E04520
9533,東邦瓦斯,電力・ガス,E04517
9534,北海道瓦斯,電力・ガス,E04511
9535,広島ガス,電力・ガス,E04521
9536,西部ガスホールディングス,電力・ガス,E04523
9537,北陸瓦斯,電力・ガス,E04519
9539,京葉瓦斯,電力・ガス,E04515
9543,静岡ガス,電力・ガス,E04516
9551,メタウォーター,電力・ガス,E31064
9561,グラッドキューブ,情報通信・サービスその他,E37979
9563,Ａｔｌａｓ　Ｔｅｃｈｎｏｌｏｇｉｅｓ,情報通信・サービスその他,E37985
9601,松竹,情報通信・サービスその他,E04582
9602,東宝,情報通信・サービスその他,E04583
9605,東映,情報通信・サービスその他,E04585
9612,ラックランド,情報通信・サービスその他,E04914
9616,共立メンテナンス,情報通信・サービスその他,E04908
9619,イチネンホールディングス,情報通信・サービスその他,E04904
9621,建設技術研究所,情報通信・サービスその他,E04903
9622,スペース,情報通信・サービスその他,E04902
9625,セレスポ,情報通信・サービスその他,E04899
9627,アインホールディングス,小売,E04896
9628,燦ホールディングス,情報通信・サービスその他,E04895
9629,ピー・シー・エー,情報通信・サービスその他,E04894
9632,スバル興業,情報通信・サービスその他,E04599
9633,東京テアトル,不動産,E04589
9635,武蔵野興業,情報通信・サービスその他,E04591
9636,きんえい,情報通信・サービスその他,E04592
9639,三協フロンテア,情報通信・サービスその他,E04890
9644,タナベコンサルティンググループ,情報通信・サービスその他,E04887
9656,グリーンランドリゾート,情報通信・サービスその他,E04693
9658,ビジネスブレイン太田昭和,情報通信・サービスその他,E04869
9661,歌舞伎座,情報通信・サービスその他,E04606
9663,ナガワ,情報通信・サービスその他,E04867
9672,東京都競馬,情報通信・サービスその他,E04603
9682,ＤＴＳ,情報通信・サービスその他,E04861
9684,スクウェア・エニックス・ホールディングス,情報通信・サービスその他,E04859
9685,ＫＹＣＯＭホールディングス,情報通信・サービスその他,E04858
9686,東洋テック,情報通信・サービスその他,E04857
9687,ＫＳＫ,情報通信・サービスその他,E04856
9691,両毛システムズ,情報通信・サービスその他,E04855
9692,シーイーシー,情報通信・サービスその他,E04853
9697,カプコン,情報通信・サービスその他,E02417
9698,クレオ,情報通信・サービスその他,E04849
9701,東京會舘,情報通信・サービスその他,E04535
9702,アイ・エス・ビー,情報通信・サービスその他,E04846
9704,アゴーラ　ホスピタリティー　グループ,情報通信・サービスその他,E04538
9706,日本空港ビルデング,不動産,E03863
9708,帝国ホテル,情報通信・サービスその他,E04539
9709,ＮＣＳ＆Ａ,情報通信・サービスその他,E04841
9713,ロイヤルホテル,情報通信・サービスその他,E04540
9715,トランス・コスモス,情報通信・サービスその他,E04837
9716,乃村工藝社,情報通信・サービスその他,E04835
9719,ＳＣＳＫ,情報通信・サービスその他,E04830
9722,藤田観光,情報通信・サービスその他,E04560
9723,京都ホテル,情報通信・サービスその他,E04550
9726,ＫＮＴ－ＣＴホールディングス,情報通信・サービスその他,E04348
9729,トーカイ,情報通信・サービスその他,E04826
9731,白洋舎,情報通信・サービスその他,E04754
9733,ナガセ,情報通信・サービスその他,E04824
9735,セコム,情報通信・サービスその他,E04773
9739,ＮＳＷ,情報通信・サービスその他,E04952
9742,アイネス,情報通信・サービスその他,E04803
9743,丹青社,情報通信・サービスその他,E00208
9744,メイテックグループホールディングス,情報通信・サービスその他,E04804
9753,アイエックス・ナレッジ,情報通信・サービスその他,E04815
9755,応用地質,情報通信・サービスその他,E04816
9757,船井総研ホールディングス,情報通信・サービスその他,E04817
9759,ＮＳＤ,情報通信・サービスその他,E04822
9761,東海リース,情報通信・サービスその他,E04800
9763,丸建リース,商社・卸売,E04777
9766,コナミグループ,情報通信・サービスその他,E01956
9767,日建工学,情報通信・サービスその他,E00187
9768,いであ,情報通信・サービスその他,E04795
9769,学究社,情報通信・サービスその他,E04796
9776,札幌臨床検査センター,情報通信・サービスその他,E04950
9778,昴,情報通信・サービスその他,E04941
9782,ディーエムエス,情報通信・サービスその他,E04940
9788,ナック,情報通信・サービスその他,E04934
9791,ビケンテクノ,情報通信・サービスその他,E04932
9793,ダイセキ,情報通信・サービスその他,E04931
9799,旭情報サービス,情報通信・サービスその他,E04920
9816,ストライダーズ,不動産,E02738
9818,大丸エナウィン,商社・卸売,E02739
9827,リリカラ,商社・卸売,E02743
9828,Ｇｅｎｋｉ　Ｇｌｏｂａｌ　Ｄｉｎｉｎｇ　Ｃｏｎｃｅｐｔｓ,小売,E03176
9831,ヤマダホールディングス,小売,E03139
9832,オートバックスセブン,商社・卸売,E03138
9835,ジュンテンドー,小売,E03141
9842,アークランズ,小売,E02706
9843,ニトリホールディングス,小売,E03144
9845,パーカーコーポレーション,素材・化学,E02708
9846,天満屋ストア,小売,E03146
9849,共同紙販ホールディングス,商社・卸売,E02711
9853,銀座ルノアール,小売,E03147
9854,愛眼,小売,E03148
9856,ケーユーホールディングス,小売,E02714
9857,英和,商社・卸売,E02713
9861,吉野家ホールディングス,小売,E03153
9867,ソレキア,商社・卸売,E02718
9876,コックス,小売,E03163
9878,セキド,小売,E03160
9882,イエローハット,商社・卸売,E02735
9885,シャルレ,商社・卸売,E02727
9887,松屋フーズホールディングス,小売,E03164
9888,ＵＥＸ,商社・卸売,E02728
9889,ＪＢＣＣホールディングス,情報通信・サービスその他,E02729
9895,コンセック,商社・卸売,E01686
9896,ＪＫホールディングス,商社・卸売,E02732
9902,日伝,商社・卸売,E02745
9903,カンセキ,小売,E03179
9904,ベリテ,小売,E03181
9906,藤井産業,商社・卸売,E02747
9908,日本電計,商社・卸売,E02749
9913,日邦産業,商社・卸売,E02752
9914,植松商会,商社・卸売,E02753
9927,ワットマン,小売,E03186
9928,ミロク情報サービス,情報通信・サービスその他,E04877
9929,平和紙業,商社・卸売,E02759
9932,杉本商事,商社・卸売,E02760
9934,因幡電機産業,商社・卸売,E02761
9936,王将フードサービス,小売,E03193
9946,ミニストップ,小売,E03188
9948,アークス,小売,E03199
9955,ヨンキュウ,商社・卸売,E02765
9956,バローホールディングス,小売,E03207
9959,アシードホールディングス,小売,E03208
9962,ミスミグループ本社,商社・卸売,E02770
9969,ショクブン,小売,E03213
9973,ＫＯＺＯホールディングス,小売,E02775
9974,ベルク,小売,E03216
9976,セキチュー,小売,E03219
9982,タキヒヨー,商社・卸売,E02776
9984,ソフトバンクグループ,情報通信・サービスその他,E02778
9986,蔵王産業,商社・卸売,E02779
9987,スズケン,商社・卸売,E02780
9989,サンドラッグ,小売,E03226
9991,ジェコス,商社・卸売,E02782
9993,ヤマザワ,小売,E03228
9994,やまや,小売,E03227
9996,サトー商会,商社・卸売,E02786
9997,ベルーナ,小売,E03229
