docID,売上高,営業利益,当期純利益,総資産,自己資本,流動資産,流動負債,固定資産,負債総額,営業CF,投資CF,財務CF,EPS,発行株式数,営業CFマージン
S100TP24,1477358000000.0,,56081000000.0,4456774000000.0,,,,,3225100000000.0,40041000000.0,,,,,
S100UG61,50164000000.0,9861000000.0,15799000000.0,93901000000.0,,56544000000.0,9973000000.0,37707000000.0,13387000000.0,8432000000.0,,,,,
S100SN96,,1473266420.0,1473266420.0,17349897904.0,,17349897904.0,251748378.0,,251748378.0,,,,,,
S100SS46,,357965702.0,357965702.0,21078574203.0,,21078574203.0,74163279.0,,74163279.0,,,,,,
S100U2MK,,95841510.0,95841510.0,2857989847.0,,2857989847.0,16457181.0,,16457181.0,,,,,,
S100SS41,,883060215.0,883060215.0,23722973960.0,,23722973960.0,529639128.0,,529639128.0,,,,,,
S100SN9J,,,,2973558362.0,,2973558362.0,19387492.0,,19387492.0,,,,,,
S100TL1M,,239237537.0,239237537.0,1550130441.0,,1550130441.0,28865646.0,,28865646.0,,,,,,
S100SN9E,,453572811.0,453572811.0,8518267364.0,,8518267364.0,53188989.0,,53188989.0,,,,,,
S100U6N4,,658244909.0,658244909.0,3960692156.0,,3960692156.0,35898759.0,,35898759.0,,,,,,
S100SS4C,,,,29159596519.0,,29159596519.0,15393215.0,,15393215.0,,,,,,
S100SSFG,,2243884960.0,2243884960.0,35591211998.0,,35591211998.0,285401938.0,,285401938.0,,,,,,
S100SS3N,,1644346900.0,1644346900.0,22736251058.0,,22736251058.0,161788969.0,,161788969.0,,,,,,
S100U2LJ,,855749375.0,855749375.0,7583070737.0,,7583070737.0,51512794.0,,51512794.0,,,,,,
S100SS3J,,1753167495.0,1753167495.0,23679874242.0,,23679874242.0,175988809.0,,175988809.0,,,,,,
S100SS3B,,1574070856.0,1574070856.0,21892205076.0,,21892205076.0,147740147.0,,147740147.0,,,,,,
S100SS4G,,6005751.0,6005751.0,11828558400.0,,11828558400.0,754010156.0,,754010156.0,,,,,,
S100SS31,,1626632208.0,1626632208.0,22883079252.0,,22883079252.0,184220235.0,,184220235.0,,,,,,
S100SS2Y,,1970246098.0,1970246098.0,28424805010.0,,28424805010.0,191389989.0,,191389989.0,,,,,,
S100SS2K,,790657928.0,790657928.0,11558260965.0,,11558260965.0,77957474.0,,77957474.0,,,,,,
S100T00K,,348641416.0,348641416.0,6195852841.0,,6195852841.0,52643064.0,,52643064.0,,,,,,
S100U2SY,,1376732991.0,1376732991.0,7283760412.0,,7283760412.0,77958392.0,,77958392.0,,,,,,
S100SNZG,,14171344.0,14171344.0,902371846.0,,902371846.0,3990128.0,,3990128.0,,,,,,
S100TZKI,,25755826.0,25755826.0,2294933254.0,,2294933254.0,69576124.0,,69576124.0,,,,,,
S100U2L8,,3473631104.0,3473631104.0,20643513864.0,,20643513864.0,144691067.0,,144691067.0,,,,,,
S100U3ID,,46568971.0,46568971.0,685484938.0,,685484938.0,3124748.0,,3124748.0,,,,,,
S100SS4D,,,,58128932293.0,,58128932293.0,201121994.0,,201121994.0,,,,,,
S100SFK3,,239237537.0,239237537.0,1457388196.0,,1457388196.0,25894684.0,,25894684.0,,,,,,
S100TOTO,62907000000.0,7717000000.0,7545000000.0,90745000000.0,,56143000000.0,23968000000.0,40677000000.0,32604000000.0,3351000000.0,,,,,
S100SCAD,,2914094993.0,2914094993.0,20008724602.0,,20008724602.0,89731641.0,,89731641.0,,,,,,
S100TPL5,,571042000.0,471700000.0,11112521000.0,,9864836000.0,8782701000.0,1247684000.0,8788101000.0,185946000.0,,,,,
S100TUA9,3386676000000.0,293085000000.0,221356000000.0,3263001000000.0,,1817568000000.0,1083144000000.0,1445432000000.0,1603972000000.0,298568000000.0,,,,,
S100U45F,,4094371000.0,3323161000.0,231225909000.0,,23392386000.0,14754597000.0,209844063000.0,129103904000.0,6266593000.0,,,,,
S100SOTO,,7189567000.0,6390096000.0,235897392000.0,,26265643000.0,15533950000.0,209844063000.0,130601095000.0,13039821000.0,,,,,
S100UFSL,,254076000.0,193008000.0,8938116000.0,,1266652000.0,520992000.0,7671463000.0,5048463000.0,842485000.0,,,,,
S100UL4K,,1313979000.0,995682000.0,74935606000.0,,4970176000.0,10858306000.0,70004073000.0,34242326000.0,1697891000.0,,14354781000.0,,,
S100TC2G,,1250057000.0,974457000.0,74786074000.0,,4762173000.0,20982073000.0,70004073000.0,34113869000.0,1275151000.0,,14354781000.0,,,
S100THVY,83233000000.0,12960000000.0,12335000000.0,367015000000.0,,157746000000.0,56162000000.0,210562000000.0,250734000000.0,254000000.0,,17791000000.0,,,
S100U8NA,,3830235117.0,3830235117.0,21662469363.0,,21662469363.0,178164336.0,,178164336.0,,,,,,
S100S10W,,2522518028.0,2522518028.0,14103827960.0,,14103827960.0,133464294.0,,133464294.0,,,,,,
S100SMOV,,111614137.0,111614137.0,5191552384.0,,5191552384.0,56516128.0,,56516128.0,,,,,,
S100RUT4,,,,23928156678.0,,23928156678.0,235772579.0,,235772579.0,,,,,,
S100U8N7,,8922192514.0,8922192514.0,84699728338.0,,84699728338.0,801401826.0,,801401826.0,,,,,,
S100U1QD,,2290555376.0,2290555376.0,32281750854.0,,32281750854.0,2922449000.0,,2922449000.0,,,,,,
S100SDSL,,11237317625.0,11237317625.0,87706997546.0,,87706997546.0,737885259.0,,737885259.0,,,,,,
S100SDSP,,3630221175.0,3630221175.0,62381445790.0,,62381445790.0,1717931835.0,,1717931835.0,,,,,,
S100U1Q9,,990097617.0,990097617.0,8176106443.0,,8176106443.0,69708924.0,,69708924.0,,,,,,
S100SDST,,3084416895.0,3084416895.0,73190648090.0,,73190648090.0,2255294022.0,,2255294022.0,,,,,,
S100SMP0,,1674209865.0,1674209865.0,21760495083.0,,21760495083.0,1797077997.0,,1797077997.0,,,,,,
S100TPDV,,2803000000.0,1929000000.0,46647000000.0,,40587000000.0,17304000000.0,6059000000.0,17639000000.0,3793000000.0,,,,,
S100T4R4,23130412000.0,3154747000.0,2149280000.0,34504281000.0,,15596021000.0,5741493000.0,20066294000.0,9280399000.0,4219957000.0,,535452000.0,,,
S100T6VA,1076805000.0,176665000.0,100351000.0,1534360000.0,,1094476000.0,161133000.0,439884000.0,213919000.0,250376000.0,,98010000.0,,,
S100TSDW,35680000000.0,3117000000.0,2255000000.0,42671000000.0,,28206000000.0,6603000000.0,16405000000.0,8759000000.0,2972000000.0,,,,,
S100SOJB,211405000000.0,2456000000.0,1385000000.0,137401000000.0,,30761000000.0,26171000000.0,99357000000.0,59553000000.0,13727000000.0,,5495000000.0,,,
S100TPWI,10998848000.0,725402000.0,579558000.0,20147430000.0,,5574214000.0,1511526000.0,14721027000.0,10694492000.0,1059758000.0,,,,,
S100TQOZ,21826794000.0,1093053000.0,671754000.0,30224447000.0,,10574200000.0,10598366000.0,19650247000.0,20903238000.0,3963420000.0,,,,,
S100SBMM,,34516399110.0,34516399110.0,382283623516.0,,382283623516.0,1320374439.0,,1320374439.0,,,,,,
S100S3OZ,,693864708.0,693864708.0,5009280070.0,,5009280070.0,512444025.0,,512444025.0,,,,,,
S100UE0W,,127584599.0,127584599.0,2501323602.0,,2501323602.0,34173331.0,,34173331.0,,,,,,
S100S3KD,,34505802.0,34505802.0,6070397308.0,,6070397308.0,30076612.0,,30076612.0,,,,,,
S100UE0R,,771320.0,771320.0,195529493.0,,195529493.0,942555.0,,942555.0,,,,,,
S100TCRM,,835181094.0,835181094.0,6597115985.0,,6597115985.0,819734584.0,,819734584.0,,,,,,
S100SBNK,,284695488.0,284695488.0,3290602369.0,,3290602369.0,19404130.0,,19404130.0,,,,,,
S100UE0M,,,,200290905872.0,,200290905872.0,2433201213.0,,2433201213.0,,,,,,
S100TCRB,,34505802.0,34505802.0,5616931429.0,,5616931429.0,30309477.0,,30309477.0,,,,,,
S100U1TY,,3408140104.0,3408140104.0,24074579436.0,,24074579436.0,175731808.0,,175731808.0,,,,,,
S100UKYL,,32190287.0,32190287.0,1137557017.0,,1137557017.0,6204122.0,,6204122.0,,,,,,
S100SBNT,,8925185123.0,8925185123.0,67629688890.0,,67629688890.0,389178971.0,,389178971.0,,,,,,
S100UAXM,,51917411.0,51917411.0,295216086.0,,295216086.0,2422277.0,,2422277.0,,,,,,
S100UAXL,,2254813045.0,2254813045.0,13675909914.0,,13675909914.0,154900642.0,,154900642.0,,,,,,
S100T9IE,,32190287.0,32190287.0,627906742.0,,627906742.0,5411737.0,,5411737.0,,,,,,
S100TE0B,,,,982180427.0,,982180427.0,9176444.0,,9176444.0,,,,,,
S100U2JR,,291261066.0,291261066.0,2621524351.0,,2621524351.0,315237887.0,,315237887.0,,,,,,
S100U6LC,,1346430075.0,1346430075.0,20312441304.0,,20312441304.0,108377096.0,,108377096.0,,,,,,
S100SX1A,,8481686391.0,8481686391.0,38256433894.0,,38256433894.0,505998094.0,,505998094.0,,,,,,
S100U6L0,,390991440.0,390991440.0,5110933447.0,,5110933447.0,33282339.0,,33282339.0,,,,,,
S100U1RE,,,,,,,,,,,,,,,
S100U1T8,,382594067.0,382594067.0,2548197887.0,,2548197887.0,20796668.0,,20796668.0,,,,,,
S100TGLN,,8925185123.0,8925185123.0,67629688890.0,,67629688890.0,812633820.0,,812633820.0,,,,,,
S100T8UN,,498864821.0,498864821.0,5756304720.0,,5756304720.0,37650798.0,,37650798.0,,,,,,
S100SWPX,,919920352.0,919920352.0,20226542195.0,,20226542195.0,142095725.0,,142095725.0,,,,,,
S100T8UG,,562823224.0,562823224.0,11293917973.0,,11293917973.0,94692926.0,,94692926.0,,,,,,
S100T9ER,,4050868.0,4050868.0,382578618.0,,382578618.0,14771678.0,,14771678.0,,,,,,
S100SRBU,,302649034.0,302649034.0,1624669887.0,,1624669887.0,184333978.0,,184333978.0,,,,,,
S100TYRJ,,2340131632.0,2340131632.0,9155841308.0,,9155841308.0,44222990.0,,44222990.0,,,,,,
S100UIGY,,2699362193.0,2699362193.0,22180958415.0,,22180958415.0,746877580.0,,746877580.0,,,,,,
S100SO05,,,,,,,,,,,,,,,
S100TYRY,,104101557.0,104101557.0,914364783.0,,914364783.0,15534442.0,,15534442.0,,,,,,
S100SNVG,,5392468.0,5392468.0,51645414.0,,51645414.0,32808.0,,32808.0,,,,,,
S100T25K,,771320.0,771320.0,53706297.0,,53706297.0,12744.0,,12744.0,,,,,,
S100UCQG,,1141854908.0,1141854908.0,4843249939.0,,4843249939.0,109446273.0,,109446273.0,,,,,,
S100T26A,,477459197.0,477459197.0,11314908270.0,,11314908270.0,82212487.0,,82212487.0,,,,,,
S100T26G,,11145629761.0,11145629761.0,234832613258.0,,234832613258.0,2605649143.0,,2605649143.0,,,,,,
S100T1U9,,19832643639.0,19832643639.0,67166804999.0,,67166804999.0,2818838089.0,,2818838089.0,,,,,,
